# batch	chunk	seq	speaker	category	source	OLD_target	NEW_target	reason	ctx_before	ctx_after
batch_1.tsv	dialogue_0001.tsv	65	char_sovy	误译	I am almost certain.\nBut if that's where they've chosen to hide it?\nIt means that our other target is also there.	我几乎可以确定。\n但要是他们选择把它藏在哪儿？\n那就意味着我们的另一个目标也在那里。	我几乎可以确定。\n但要是那就是他们藏剑的地方呢？\n那就意味着我们的另一个目标也在那里。	原文问藏剑地点是否为这里，现译误成选择藏在哪儿。	[char_the_triumvirate] The Blade of Exodus? | 放逐之刃？	[char_the_triumvirate] Your compliance pleases us, Sovy.\nYour plan was risky, but it worked  | 你的顺从让我们很满意，索维。\n你的计划虽有风险，但最终还是奏效了。\n最后再进行一次审讯，会进一步影响我们的决定。
batch_1.tsv	dialogue_0001.tsv	67	char_sovy	误译	You'd have me interrogate the prisoner once more?\nIf I may be so bold — to what end do you request this?	您要我再审那囚犯一次？\n恕我斗胆——请问您究竟想怎么做？	您要我再审那囚犯一次？\n恕我斗胆——请问您为何有此要求？	to what end询问原因或目的，不是询问具体做法。	[char_the_triumvirate] Your compliance pleases us, Sovy.\nYour plan was risky, but it worked  | 你的顺从让我们很满意，索维。\n你的计划虽有风险，但最终还是奏效了。\n最后再进行一次审讯，会进一步影响我们的决定。	[char_the_triumvirate] Not you, Sovy.\nWe want your {i}Apprentice{/i} to do this.\nIt is time | 不是你去，索维。\n我们要你的{i}学徒{/i}去做这件事。\n是时候让他证明自己的价值了。
batch_1.tsv	dialogue_0001.tsv	70	char_sovy	语气	My Apprentice...?\nI've told you many times, I want to work alone.\nIt would be more efficient for me to do this myself!	我的学徒……？\n我已经说过很多次了，我想独自行动。\n我一个人来做会高效得多！	我的学徒……？\n我已经说过很多次了，我想独自行动。\n我一个人来做会快得多！	“高效”偏现代书面，不符合索维的口语。	[旁白] Their voices echoed loudly through their darkened chambers.{w}\nIt mat | 他们的声音在昏暗的殿堂里回荡。{w}\n无论开口的是哪位执政官都无所谓，因为他们同心一体。{w}\n索维的声音里透着明显的恼怒，却尽力保持镇	[char_the_triumvirate] Insubordination...?\nThis is unbecoming of you, Sovy.\nWe demand that  | 抗命……？\n这不是你该有的样子，索维。\n我们命令你服从。
batch_1.tsv	dialogue_0001.tsv	100	旁白	术语	To break the deadlock, Ulric kicks his opponent in the gut.{w}\nThey stumble back, and ready their blade with a flourish.{w}\nIt isn't much longer until they charge toward him again.	为了打破僵局，乌尔里克一脚踹在对手的腹部。{w}\n那人踉跄着后退，炫技般重新举起兵器。{w}\n没过多久，他们又朝他冲了过来。	为了打破僵局，乌尔里克一脚踹在对手的腹部。{w}\n那人踉跄着后退，炫技般重新举起剑。{w}\n没过多久，他们又朝他冲了过来。	blade按术语表统一为“剑”。	[char_honor_guard] We order you to cease your resistance!\nThose who support The Rebellio | 我们命令你们停止抵抗！\n拥护反抗军的人都得死！	[char_ulric] Valessa, your dagger! | 瓦莱莎，你的匕首！
batch_1.tsv	dialogue_0001.tsv	233	char_valessa	语气	There's entire books written on this subject, you know.\nBut no one must know when they're in a vision.\nIt could screw up what the spirits want to show us.	你知道吗，关于这个主题有成书论述。\n但身处幻象中时，绝不能让旁人知道。\n那会搅乱灵想让我们看到的东西。	你知道吗，关于这个主题写了好几本书。\n但身处幻象中时，绝不能让旁人知道。\n那会搅乱灵想让我们看到的东西。	“成书论述”过于书面，不符瓦莱莎口吻。	[char_valessa] Trust me, it's better for him not to know.\nHe'd act recklessly, and h | 相信我，他不知道最好。\n他会行事鲁莽，而且会彻底懵掉。\n呃，我是说，比平时更鲁莽。	[char_valessa] These are gifts. Blessings, directly from the realm of spirits.\nWe're | 这是恩赐。是来自灵界的祝福。\n我们无权去破坏它们给予我们的东西。
batch_1.tsv	dialogue_0001.tsv	292	char_ulric	其他	Is that an accusation of some kind?\nWhere I come from, you don't accuse the guy with a bigger sword.\nI'll pretend I didn't hear that, and carry on with this search.	这算是什么指控吗？\n在我的家乡，你可不会去指控一个比你剑大的人。\n我就当没听见，继续搜查。	这算是什么指控吗？\n在我的家乡，你可不会去指控一个佩剑更大的人。\n我就当没听见，继续搜查。	“比你剑大的人”语法错误且歧义。	[char_ulric] That is, if you two even agree to follow me.\nBut right now, I can't l | 前提是，你们俩愿意跟我走。\n但眼下，我不能让你们在我眼皮底下送命。\n等我们脱离危险，再谈其余的事。	[char_ulric] Actually, I come from Alarinthia.\nPractically born with a blade in my | 其实，我来自阿拉林西亚。\n差不多一出生手里就攥着剑。\n当然，这只是打个比方。别去脑补那画面。
batch_1.tsv	dialogue_0001.tsv	301	char_ulric	语气	Very funny. A joke question. I'll pass.	真好笑。这是开玩笑的问题。我略过。	真好笑。这种玩笑问题，我不接。在我把你甩下之前，换个话题吧。	I'll pass译为“我略过”较生硬，改为自然口语。	[char_ulric] The weak die out pretty fast, so not really.\nI'd say there's always a | 弱者很快就淘汰了，所以也谈不上。\n要我说，那儿总有一份稳定的“前十”名单。\n要是不在名单上，就不值得你花时间。	[char_ulric] Hey, we're talking about putting your life on the line.\nDo you really | 喂，我们说的可是拿命去拼的事。\n你真会想要一个无名小卒来保护你吗？
batch_1.tsv	dialogue_0001.tsv	316	char_ulric	其他	Each nation has a General that serves The Triumvirate.\nThey rule in their stead, and make sure everything runs smoothly.\nExcept — you guessed it. The Elder, or General, of Valinorth.	每个国家都有一位将军效命于三人执政团。\n他们代其统治，确保一切运转顺畅。\n唯独——你猜对了。瓦利诺斯的长老，或者说将军。	每个国家都有一位将军效命于三人执政团。\n他们代其统治，确保一切运转顺畅。\n只有瓦利诺斯例外——你猜对了，就是他们的长老，或者说将军。	原译未交代例外关系，末句语义残缺。	[char_ulric] Well, yeah, if The Triumvirate {i}is{/i} truly responsible.\nAlestia i | 嗯，是啊，如果三人执政团{i}真的{/i}是幕后黑手的话。\n阿莱斯蒂亚分为四个国家，对吧？\n瓦利诺斯、马泽奥、阿拉林西亚，还有巴尔泰乌斯	[char_ulric] No one really knows why you remained untouched for so long.\nBut the t | 没人真正知道你们为何长久以来未受侵扰。\n但有种说法是，他们不想触怒灵。\n你懂的，因为这里汇聚着那么多灵性力量。
batch_1.tsv	dialogue_0001.tsv	383	char_valessa	语气	There's entire books written on this subject, you know.\nBut no one must know when they're in a vision.\nIt could screw up what the spirits want to show us.	你知道吗，关于这个主题有成书论述。\n但身处幻象中时，绝不能让旁人知道。\n那会搅乱灵想让我们看到的东西。	你知道吗，关于这个主题写了好几本书。\n但身处幻象中时，绝不能让旁人知道。\n那会搅乱灵想让我们看到的东西。	与seq233同源，需同步修正。	[char_valessa] Trust me, it's better for him not to know.\nHe'd act recklessly, and h | 相信我，他不知道最好。\n他会行事鲁莽，而且会彻底懵掉。\n呃，我是说，比平时更鲁莽。	[char_valessa] These are gifts. Blessings, directly from the realm of spirits.\nWe're | 这是恩赐。是来自灵界的祝福。\n我们无权去破坏它们给予我们的东西。
batch_1.tsv	dialogue_0002.tsv	429	char_ulric	其他	Is that an accusation of some kind?\nWhere I come from, you don't accuse the guy with a bigger sword.\nI'll pretend I didn't hear that, and carry on with this search.	这算是什么指控吗？\n在我的家乡，你可不会去指控一个比你剑大的人。\n我就当没听见，继续搜查。	这算是什么指控吗？\n在我的家乡，你可不会去指控一个佩剑更大的人。\n我就当没听见，继续搜查。	与dialogue_0001.tsv#292同源，需统一修正。	[char_ulric] That is, if you two even agree to follow me.\nBut right now, I can't l | 前提是，你们俩愿意跟我走。\n但眼下，我不能让你们在我眼皮底下送命。\n等我们脱离危险，再谈其余的事。	[char_ulric] Actually, I come from Alarinthia.\nPractically born with a blade in my | 其实，我来自阿拉林西亚。\n差不多一出生手里就攥着剑。\n当然，这只是打个比方。别去脑补那画面。
batch_1.tsv	dialogue_0002.tsv	438	char_ulric	语气	Very funny. A joke question. I'll pass.	真好笑。这是开玩笑的问题。我略过。	真好笑。这种玩笑问题，我不接。在我把你甩下之前，换个话题吧。	与dialogue_0001.tsv#301同源，需统一修正。	[char_ulric] The weak die out pretty fast, so not really.\nI'd say there's always a | 弱者很快就淘汰了，所以也谈不上。\n要我说，那儿总有一份稳定的“前十”名单。\n要是不在名单上，就不值得你花时间。	[char_ulric] Hey, we're talking about putting your life on the line.\nDo you really | 喂，我们说的可是拿命去拼的事。\n你真会想要一个无名小卒来保护你吗？
batch_1.tsv	dialogue_0002.tsv	453	char_ulric	其他	Each nation has a General that serves The Triumvirate.\nThey rule in their stead, and make sure everything runs smoothly.\nExcept — you guessed it. The Elder, or General, of Valinorth.	每个国家都有一位将军效命于三人执政团。\n他们代其统治，确保一切运转顺畅。\n唯独——你猜对了。瓦利诺斯的长老，或者说将军。	每个国家都有一位将军效命于三人执政团。\n他们代其统治，确保一切运转顺畅。\n只有瓦利诺斯例外——你猜对了，就是他们的长老，或者说将军。	与dialogue_0001.tsv#316同源，需统一修正。	[char_ulric] Well, yeah, if The Triumvirate {i}is{/i} truly responsible.\nAlestia i | 嗯，是啊，如果三人执政团{i}真的{/i}是幕后黑手的话。\n阿莱斯蒂亚分为四个国家，对吧？\n瓦利诺斯、马泽奥、阿拉林西亚，还有巴尔泰乌斯	[char_ulric] No one really knows why you remained untouched for so long.\nBut the t | 没人真正知道你们为何长久以来未受侵扰。\n但有种说法是，他们不想触怒灵。\n你懂的，因为这里汇聚着那么多灵性力量。
batch_1.tsv	dialogue_0002.tsv	513	char_valessa	术语	It doesn't make any sense, though.\nThink about it for a second.\nIn that alcove, we heard screams.	可这说不通啊。\n你回想一下。\n在那个凹室那儿，我们听到了尖叫声。	可这说不通啊。\n你回想一下。\n在那个壁龛那儿，我们听到了尖叫声。	alcove全篇统一为“壁龛”。	[char_ulric] Like I said, they could be at The Grand Tree.\nIt's isolated, and far  | 我说过了，他们可能在巨树那里。\n那地方偏僻，离这里又远。\n我敢打赌火焰烧不到那儿。	[char_valessa] The people of Valinorth were dying.\nNot only burning, but getting att | 瓦利诺斯的人在死去。\n不只是被烧，还遭到了攻击。\n尸体应该到处都是才对。
batch_1.tsv	dialogue_0002.tsv	524	char_valessa	语气	There might not {i}be{/i} anybody at The Grand Tree!\nI don't think we know what we're up against.\nWe should cut our losses and run, Ulric.	巨树那儿可能{i}根本{/i}没人！\n我觉得我们根本不清楚面对的是什么。\n我们该及时止损，赶紧跑，乌尔里克。	巨树那儿可能{i}根本{/i}没人！\n我觉得我们根本不清楚面对的是什么。\n我们该趁还能脱身，赶紧跑，乌尔里克。	“及时止损”是现代金融用语，不符奇幻对话。	[char_ulric] Let's say you're right, for arguments sake.\nWhy is it more important  | 就算你说得对，姑且这么假设。\n这为什么比去巨树更重要？\n光在这儿说，好像只是浪费时间。	[char_ulric] You need to make up your mind, Valessa!\nRunning back and forth will g | 你得拿定主意，瓦莱莎！\n这样来回跑会把我们都害死的。\n到底去不去巨树？
batch_1.tsv	dialogue_0002.tsv	526	旁白	误译	It's true, she was changing her mind far too fast.{w}\nAt the moment, she seems to value our survival.{w}\nCould she be starting to doubt that this is a vision?	确实，她改主意改得太快了。{w}\n此刻，她好像更看重我们的安危。{w}\n她是不是开始怀疑这不过是一场幻象了？	确实，她改主意改得太快了。{w}\n此刻，她好像更看重我们的安危。{w}\n她是不是开始怀疑这其实并不是一场幻象了？	原文是怀疑它并非幻象，现译语义相反。	[char_ulric] You need to make up your mind, Valessa!\nRunning back and forth will g | 你得拿定主意，瓦莱莎！\n这样来回跑会把我们都害死的。\n到底去不去巨树？	[旁白] All I had to go on was her word.{w}\nI only believed her because it ma | 我唯一的依据就是她的话。{w}\n我之所以信她，只是因为这在那时说得通。{w}\n要是我们离开瓦利诺斯，我还怎么搜集情报？
batch_1.tsv	dialogue_0002.tsv	536	char_sovy	误译	They called out to you, Seer.\nThey wanted your help, and you let them down.\nI guess the stories I heard about you were wrong.	他们呼喊着你的名字，先知。\n他们盼着你来救，你却辜负了他们。\n看来我听说的关于你的传闻都是假的。	他们曾向你呼救，先知。\n他们盼着你来救，你却辜负了他们。\n看来我听说的关于你的传闻都是假的。	called out to you是呼救，不是呼喊名字。	[char_sovy] What a pitiful little village.\nIt's no fun when they don't put up a f | 多么可悲的小村庄啊。\n他们不反抗，就一点意思都没有。\n你知道他们最后一刻做了什么吗？	[char_sovy] They called out to you, Seeress.\nThey wanted your help, and you let t | 他们曾向你呼救，先知。\n他们盼着你来救，你却辜负了他们。\n看来我听说的关于你的传闻都是假的。
batch_1.tsv	dialogue_0002.tsv	537	char_sovy	误译	They called out to you, Seeress.\nThey wanted your help, and you let them down.\nI guess the stories I heard about you were wrong.	他们呼喊着你的名字，先知。\n他们盼着你来救，你却辜负了他们。\n看来我听说的关于你的传闻都是假的。	他们曾向你呼救，先知。\n他们盼着你来救，你却辜负了他们。\n看来我听说的关于你的传闻都是假的。	与seq536同源，需同步修正。	[char_sovy] They called out to you, Seer.\nThey wanted your help, and you let them | 他们曾向你呼救，先知。\n他们盼着你来救，你却辜负了他们。\n看来我听说的关于你的传闻都是假的。	[char_ulric] Sovy, you already have the blade.\nLet us leave, we can resolve this p | 索维，你已经拿到那把剑了。\n放我们走，我们可以和平解决。
batch_1.tsv	dialogue_0002.tsv	558	char_valessa	语气	You — you're using their spirits to power that armor?\nDoes that mean we've been fighting our own...!?	你——你在用他们的灵体给那些铠甲供能？\n那我们一直在跟自己人打……！？	你——你在用他们的灵体给那些铠甲提供力量？\n那我们一直在跟自己人打……！？	“供能”偏技术用语，不合瓦莱莎口语。	[旁白] But after a few moments, the movements become more natural.{w}\nIt isn | 但过了片刻，动作变得自然起来。{w}\n没过多久，一支自动人偶组成的军队堵住了我们的去路。{w}\n无处可逃。索维封住了另一边。	[char_sovy] Now you finally understand.\nThe force of life itself bends to The Tri | 你终于明白了。\n连生命之力都臣服于三人执政团。\n你们根本别想阻止我们。
batch_1.tsv	dialogue_0002.tsv	644	char_fortaime	语气	I don't think I'm really allowed to do that.\nThe training I go through is already mentally exhausting.\nI need to devote my spare time to blowing off steam.	我觉得我其实没被允许那么做。\n我接受的训练已经很耗心力了。\n我得把闲暇时间用来发泄解压。	我觉得我其实没被允许那么做。\n我接受的训练已经很耗心力了。\n我得把闲暇时间用来散心放松。	“解压”偏现代口语，改自然表达。	[char_fortaime] I feel weird, existing as a fail-safe.\nBut I'm free to do much more i | 作为一道保险措施而存在，感觉怪怪的。\n但我的闲暇时间能自由做更多事。\n我喜欢这个职位，也很高兴认识你们俩。	[char_fortaime] Of course, this is under Mylus' orders.\nI'm sure I could handle somet | 当然，这是迈勒斯的命令。\n要是真想，我肯定也能应付点什么。\n但惹上他的麻烦实在不值当。
batch_1.tsv	dialogue_0003.tsv	820	char_valessa	术语	So, against my better judgment, alliances might be necessary.\nI doubt we can find a way to save Valinorth all on our own.\nWe'll require knowledge from all corners of Alestia.	所以，尽管违背我的本意，结盟或许是必要的。\n我怀疑单凭我们自己，找不到拯救瓦利诺斯的办法。\n我们需要来自阿拉斯提亚四面八方的知识。	所以，尽管违背我的本意，结盟或许是必要的。\n我怀疑单凭我们自己，找不到拯救瓦利诺斯的办法。\n我们需要来自阿莱斯蒂亚四面八方的知识。	Alestia全篇统一为“阿莱斯蒂亚”。	[char_valessa] Maintaining our identity is a plan for the {i}future{/i}.\nIf Valinort | 维系我们的身份，是为{i}未来{/i}做的打算。\n可若是瓦利诺斯败给了严寒，就再没有任何东西需要维系了。\n我依然相信我们需要独立，但那短	[char_valessa] So that might make things a bit tricky.\nRebuilding a nation that want | 那也许会让事情变得有点棘手。\n重建一个根本不想搭理你的国家？\n如果我打算不给予任何回报，谁还愿意帮我……？
batch_1.tsv	dialogue_0003.tsv	841	char_valessa	语气	No — people would just think I'm using them.\nIn order to do this efficiently, I'd have to keep it a secret.\nGlean information wherever I can, without telling anybody why.	不——人们只会觉得我在利用他们。\n想高效地做到这一点，我就得保密。\n尽可能地搜集情报，却不告诉任何人原因。	不——人们只会觉得我在利用他们。\n想顺利做到这一点，我就得保密。\n尽可能地搜集情报，却不告诉任何人原因。	“高效”偏现代书面，不合瓦莱莎口吻。	[char_valessa] I have no idea how I'll get it done, though.\nLike I said, I'll need h | 可我完全不知道怎么才能办到。\n就像我说的，我需要外界的帮助。\n真是个古怪的念头。为了独立去结盟？	[char_valessa] A book here, a conversation there — until I find a solution.\nAt the e | 这里翻一本书，那里聊一次天——直到我找到解决之道。\n说到底，没人会知道我在盘算什么。\n可等旅程结束时，我就有了拯救瓦利诺斯的办法。
batch_1.tsv	dialogue_0003.tsv	852	char_valessa	术语	We need to make an important decision, here.\nDo we involve the rest of Alestia with this stuff...?\nOr do we keep the visions to ourselves, like always?	我们得在这里做一个重要的决定。\n要让阿拉斯提亚的其他人也牵扯进这些事吗……？\n还是像往常一样，把预言留在我们自己手里？	我们得在这里做一个重要的决定。\n要让阿莱斯蒂亚的其他人也牵扯进这些事吗……？\n还是像往常一样，把预言留在我们自己手里？	Alestia全篇统一为“阿莱斯蒂亚”。	[char_valessa] From this point forward, your visions are {i}very{/i} important.\nI do | 从今往后，你的预言{i}非常{/i}重要。\n我猜你关于瓦利诺斯的那次预言不会是最后一次。\n尤其现在这把剑牵涉进了所有事情里。	[char_valessa] If we start to serve them with our visions, they'll be dependent.\nAft | 若我们开始用预言为他们效力，他们就会产生依赖。\n战争结束后，他们可能指望我们一直帮下去。\n更糟的是，心存歹意的人可能会{i}强迫{/i}
batch_1.tsv	dialogue_0003.tsv	869	旁白	误译	She smiles at me, and it seems like she's accepting of my advances.{w}\nHowever, the way things were — I understood her exception.{w}\nIt would be better to talk about that stuff later on.	她冲我笑了笑，似乎接受了我的示好。{w}\n不过，就当时的情形——我理解她的例外。{w}\n那些事，还是以后再说比较好。	她冲我笑了笑，似乎接受了我的示好。{w}\n不过，就当时的情形——我明白她为何会例外。{w}\n那些事，还是以后再说比较好。	“我理解她的例外”不符合中文搭配，未表达出exception。	[char_valessa] It'll take some time before I can think about that stuff.\nIf only the | 我需要一些时间才能考虑那些事。\n要是那天能像平常一样过去就好了。谁知道会发生什么呢。	[char_valessa] And I'm glad we can rise to the challenge. That's good.\nSomething tel | 很高兴我们能迎接挑战。这很好。\n我有种预感，往后还会有更多挑战。\n但只要我们团结一心——把话说开——就能做到。
batch_1.tsv	dialogue_0003.tsv	928	char_howl	术语	The freedom of Alestia. The destruction of The Triumvirate.\nWhen you look at it that way, it seems as if we defile nothing.	阿拉斯提亚的自由。三人执政团的覆灭。\n若从这个角度看，我们似乎什么都没有玷污。	阿莱斯蒂亚的自由。三人执政团的覆灭。\n若从这个角度看，我们似乎什么都没有玷污。	Alestia全篇统一为“阿莱斯蒂亚”。	[char_mylus] What? | 什么？	[char_mylus] I... I don't know. | 我……我不知道。
batch_1.tsv	dialogue_0003.tsv	961	char_howl	术语	The freedom of Alestia. The destruction of The Triumvirate.\nWhen you look at it that way, it seems as if we defile nothing.	阿拉斯提亚的自由。三人执政团的覆灭。\n若从这个角度看，我们似乎什么都没有玷污。	阿莱斯蒂亚的自由。三人执政团的覆灭。\n若从这个角度看，我们似乎什么都没有玷污。	与seq928同源，需统一修正。	[char_mylus] What? | 什么？	[char_mylus] I... I don't know. | 我……我不知道。
batch_1.tsv	dialogue_0003.tsv	1070	char_pro	标点	It was pretty easy, actually.\nLook at what hung in the balance.\nThankfully? We're in the clear.	其实挺容易的。\n看看当时悬着的是什么。\n还好？我们顺利过关了。	其实挺容易的。\n看看当时悬着的是什么。\n谢天谢地，我们顺利过关了。	Thankfully是感叹，不应译成疑问“还好？”。	[char_valessa] That was awful...!\nPro, how could you do something like that? | 太恶劣了……！\n普洛，你怎么能做出这种事？	[旁白] It was impossible to tell what may come from this.{w}\nWhether we agre | 没人说得清这会带来什么后果。{w}\n不管我们同不同意普洛的做法，他确实把事情办成了。
batch_1.tsv	dialogue_0003.tsv	1088	char_ulric	术语	Your family could be in danger. The attack is imminent.\nAll we ask is that you let us through, so we can go about our business.\nOur matters in Mazeo concern the safety of almost every Alestian.	你的家人可能有危险。进攻迫在眉睫。\n我们只求您放我们过去，好让我们办自己的事。\n我们在马泽奥的事务，关乎几乎每一位阿拉斯提亚人的安危。	你的家人可能有危险。进攻迫在眉睫。\n我们只求您放我们过去，好让我们办自己的事。\n我们在马泽奥的事务，关乎几乎每一位阿莱斯蒂亚人的安危。	Alestia全篇统一为“阿莱斯蒂亚”。	[char_ulric] I promise that we're not lying.\nThe Triumvirate is on the move to occ | 我保证我们没有说谎。\n三人执政团正调兵准备占领瓦利诺斯。\n但要这么做，他们必须经过马泽奥。	[char_ulric] If you don't let us through, a lot of innocent people will die.\nAnd t | 若您不放我们过去，许多无辜的人会因此丧命。\n相信我，我们{i}一定{/i}会让世人知道是您拦下了我们。\n你真想以这样的方式留名青史吗，卡
batch_1.tsv	dialogue_0003.tsv	1133	char_ulric	术语	Your family could be in danger. The attack is imminent.\nAll we ask is that you let us through, so we can go about our business.\nOur matters in Mazeo concern the safety of almost every Alestian.	你的家人可能有危险。进攻迫在眉睫。\n我们只求您放我们过去，好让我们办自己的事。\n我们在马泽奥的事务，关乎几乎每一位阿拉斯提亚人的安危。	你的家人可能有危险。进攻迫在眉睫。\n我们只求您放我们过去，好让我们办自己的事。\n我们在马泽奥的事务，关乎几乎每一位阿莱斯蒂亚人的安危。	与seq1088同源，需统一修正。	[char_ulric] I promise that we're not lying.\nThe Triumvirate is on the move to occ | 我保证我们没有说谎。\n三人执政团正调兵准备占领瓦利诺斯。\n但要这么做，他们必须经过马泽奥。	[char_ulric] If you don't let us through, a lot of innocent people will die.\nAnd t | 若您不放我们过去，许多无辜的人会因此丧命。\n相信我，我们{i}一定{/i}会让世人知道是您拦下了我们。\n你真想以这样的方式留名青史吗，卡
batch_1.tsv	dialogue_0003.tsv	1174	char_pro	误译	I'd rather not talk about it, if it's all the same to you.\nPro is just something the orphans called me when I was younger.\nI showed a knack for picking up skills with ease.	如果都一样的话，我还是不想谈这个。\n普洛只是我小时候孤儿院的人这么叫我的。\n我学什么都上手很快。	要是你不介意的话，我还是不想谈这个。\n普洛只是我小时候孤儿院的人这么叫我的。\n我学什么都上手很快。	if it's all the same to you意为“如果你不介意”，不是“如果都一样”。	[char_valessa] How do you manage that? | 这怎么可能？	[char_valessa] So you're a pro... | 所以你是个“高手”……
batch_1.tsv	dialogue_0003.tsv	1196	char_fortaime	语气	Wow, there's so many people in there...!\nAnd it sounds super noisy. Is it always like that?	哇，里面好多人……！\n而且听起来超吵。一直是这样吗？	哇，里面好多人……！\n而且听起来特别吵。一直是这样吗？	“超吵”偏现代口语，改自然表达。	[char_valessa] I guess they've thought of it all...\nOh well, nothing we can do about | 看来他们把能想的都想到了……\n唉，那也没办法。\n我们先进城，接着再聊。	[char_ulric] Pretty much.\nBut why are we standing here talking about it?\nYou real | 差不多吧。\n不过我们干吗站在这儿聊这个？\n你知道我们直接走进去就能看到，对吧？
batch_1.tsv	dialogue_0004.tsv	1311	char_ulric	其他	Their words seem to mean a lot to people, even if their actions don't follow suit.\nIn my opinion, it's only a matter of time before their promises fall on deaf ears.\nThat is — if we don't take them down first. At least we'll be keeping {i}our{/i} promises.	他们的话对人们似乎很有分量，哪怕行动根本跟不上。\n在我看来，他们的承诺迟早会被人充耳不闻。\n也就是说——除非我们先把他们拉下马。至少我们会{i}兑现{/i}自己的承诺。	他们的话对人们似乎很有分量，哪怕行动根本跟不上。\n在我看来，他们的承诺迟早会沦为耳边风。\n也就是说——除非我们先把他们拉下马。至少我们会{i}兑现{/i}自己的承诺。	“被人充耳不闻”搭配错误，fall on deaf ears应译为“沦为耳边风”。	[char_ulric] With the knowledge I currently possess, yes, I think they would.\nOver | 以我目前所知，是的，我想他们会。\n二十多年过去，马泽奥人开始意识到三人执政团一直在撒谎。\n他们许诺把马泽奥变成乌托邦。等我们到了你四处看	[char_ulric] Depends what you're wanting to know. Just give me a try. | 那得看你想知道什么。尽管问吧。
batch_1.tsv	dialogue_0004.tsv	1336	char_valessa	标点	Says the guy who got lost on his way home last week.	上周回家路上走丢的人是谁来着。	上周回家路上走丢的人是谁来着？	反问句缺少问号。	[char_fortaime] Again, I'm not little!\nAnd trust me, I'll never get lost.\nI have a p | 再说一遍，我不是小家伙！\n而且相信我，我绝不会走丢。\n我方向感很好的。	[char_fortaime] Valessa, it was {i}dark{/i}!\nYou'd have done the same thing in my sit | 瓦莱莎，当时天{i}黑{/i}了！\n换你在我那个情况下也会一样的。
batch_1.tsv	dialogue_0004.tsv	1375	char_fortaime	其他	Mean...!	好过份……！	好过分……！	“过份”是错字，规范写法为“过分”。	[char_ulric] Yeah — taken advantage of.\nThe locals know a tourist when they see on | 是啊——被人占了便宜。\n本地人一眼就能认出游客。\n看你什么都不懂，他们就抬价。	[char_ulric] Sorry, it's my fault.\nFor a moment, I put too much faith in the peopl | 抱歉，是我的错。\n有那么一瞬间，我对这些人太过信任了。\n至少现在你知道我那些警告都是真的了。
batch_1.tsv	dialogue_0004.tsv	1392	char_damek	误译	What...? Oh, cut it out.\nThere's no need to say things like that.\nTrust me — you're already on my good side.	什么……？哦，别这么说。\n没必要讲这种话。\n相信我——你早就是我心目中的好人选了。	什么……？哦，别这么说。\n没必要讲这种话。\n相信我——你早就已经讨我喜欢了。	on my good side意为得到青睐，不是成为候选人。	[char_damek] I almost can't believe this is happening.\nIt's an honor to meet you,  | 我几乎不敢相信这是真的。\n能见到你实在是我的荣幸，[firstname]——真的。	[旁白] I reach out to shake his hand, but he immediately pulls back.{w}\nWith | 我伸手想和他握手，他却立刻缩了回去。{w}\n他紧张地笑了笑，挠着后脑勺。我做错什么了吗？{w}\n他看起来见到我很兴奋，所以我还以为该握个
batch_1.tsv	dialogue_0004.tsv	1430	char_damek	术语	Well, almost everything, I'd assume.\nI was one of the \"founding members\" with Salus.\nI guess they liked that term more than \"child soldier\".	嗯，我想几乎所有事吧。\n我是和萨卢斯一起的“创始成员”之一。\n大概是他们觉得这说法比“童子军”好听。	嗯，我想几乎所有事吧。\n我是和萨卢斯一起的“创始成员”之一。\n大概是他们觉得这说法比“童兵”好听。	child soldier是“童兵”，“童子军”是Boy Scouts。	[char_damek] But right now, I really don't have the time.\nI've been training and w | 但现在，我真的没时间。\n我从小就在训练和工作。\n他们毫不犹豫地让一个孩子拿起剑。	[char_damek] When The Triumvirate took over Mazeo, they had one goal.\nDig deep und | 三人执政团接管马泽奥时，只有一个目标。\n往地下深处挖掘，找到这个国家真正的灵像。\n他们让荣誉卫队来做这件事。就是那些空荡荡的盔甲。
batch_1.tsv	dialogue_0005.tsv	1608	char_sovy	其他	You have to be near the blade for it to work, but it's useful.\nDisarming your enemy is a viable tactic in battle, so be ready.\nThey will try to take the blade away from you, because of its power.	你得靠近那把剑才能做到，但这招很有用。\n缴械敌人是战斗中可行的战术，所以做好准备。\n他们会想从你手里夺走那把剑，因为它蕴含的力量。	你得靠近那把剑才能做到，但这招很有用。\n卸下敌人的武器是战斗中可行的战术，所以做好准备。\n他们会想从你手里夺走那把剑，因为它蕴含的力量。	“缴械敌人”语法歧义，disarming enemy即卸下敌人武器。	[旁白] He holds out a close fist, and my blade soon appears in his hand.{w}\n | 他握紧拳头伸出来，我的剑随即出现在他手中。{w}\n我见过好几次了，几乎像是他随时都能把它召唤过来。	[旁白] I nod. | 我点点头。
batch_1.tsv	dialogue_0005.tsv	1679	char_pro	其他	It's amazing what some of these people get up to.\nThe most innocent people could be involved in awful things.\nSee — I can beat blackmail — but these people can't.	这些人干出的事真是令人惊叹。\n最看上去无辜的人也可能牵扯进可怕的事情里。\n你看——我能扛住勒索——但这些人不能。	这些人干出的事真是令人惊叹。\n看上去最无辜的人也可能牵扯进可怕的事情里。\n你看——我能扛住勒索——但这些人不能。	“最看上去无辜”语序错误。	[旁白] He turns back to the mailboxes, and raids them once again.{w}\nI guess | 他转回信箱，再次大肆搜刮。{w}\n我想他以为没关系，因为我是他的同伴之一。{w}\n当他“借阅”私人信息时，脸上浮现出大大的笑容。	[char_pro] It's a good way to line The Rebellion's coffers.\nSo later today, I'm  | 这是充实反抗军金库的好办法。\n所以今天晚些时候，我要去拜访这家伙。
batch_1.tsv	dialogue_0005.tsv	1715	旁白	误译	He motions to the bartender, and a few moments later, I'm given a glass.{w}\nUlric watches me with a smirk as I take a large swig, and swallow it down.{w}\nIt tastes like nothing. Practically water. Weak was actually an understatement.	他朝酒保示意，片刻之后，我面前多了一杯酒。{w}\n我大口喝下、咽下去时，乌尔里克带着坏笑看着我。{w}\n这酒尝起来什么味道都没有，简直是水。说它不烈都算是高估了。	他朝酒保示意，片刻之后，我面前多了一杯酒。{w}\n我大口喝下、咽下去时，乌尔里克带着坏笑看着我。{w}\n这酒尝起来什么味道都没有，简直是水。说它寡淡都算抬举了。	weak was an understatement意为比“寡淡”还更淡。	[char_ulric] I guess we'll have to work our way up.\nDon't worry, you'll get to my  | 看来我们得一步步往上爬了。\n别担心，你很快就会达到我的水平。	[char_ulric] Wish you went for the stronger one?\nTrust me, I started out the same  | 后悔没选更烈的那个吧？\n相信我，我一开始也是这样。\n有时候，你就得一头扎进去。
batch_1.tsv	dialogue_0005.tsv	1908	旁白	语气	Damek places the paper face down, and quickly grabs the other one.{w}\nHe shows no expression, wearing the perfect poker face.{w}\nTurning the paper around, it's time to see the other half.	达梅克把纸扣下，迅速拿起另一张。{w}\n他面无表情，摆出一副完美的扑克脸。{w}\n把纸翻过来，该看另一半了。	达梅克把纸扣下，迅速拿起另一张。{w}\n他面无表情，完全不动声色。{w}\n把纸翻过来，该看另一半了。	poker face是现代牌桌借喻，改为自然中文。	[旁白] In exchange, he can offer the ships and crew of those who side with hi | 作为交换，他能提供站在他这边那些人的船只和船员。{w}\n这约占马泽奥海盗总数的百分之三十五。{w}\n他无法保证娜达的追随者会对这一变动作	[旁白] It's Nada's offer. | 是娜达的条件。
batch_1.tsv	dialogue_0005.tsv	1917	旁白	语气	In response to Gryz's order, they both step forward.{w}\nThis whole thing seemed incredibly well thought out.{w}\nThere was no room for error in any possible way.	听到格瑞兹的命令，两人都上前一步。{w}\n这整套流程考虑得极其周密。{w}\n任何环节都没有出错的余地。	听到格瑞兹的命令，两人都上前一步。{w}\n这整套安排考虑得极其周密。{w}\n任何环节都没有出错的余地。	“流程”偏现代职场用语，改为“安排”。	[char_jit_map072_1_0_110] Indeed, we can move on to phase two.\nAlex and Nada, it's your turn to | 确实，我们可以进入第二阶段了。\n亚历克斯、娜达，轮到你们上前了。\n你们口头陈述的条件必须与文件一致。	[char_jit_map072_1_0_231] My demands are quite simple, actually.\nAll pirates will have their cr | 我的条件其实很简单。\n所有海盗的犯罪记录都将被抹去。\n此外，对马泽奥的贸易禁令将被解除。
batch_2.tsv	dialogue_0006.tsv	2011	char_damek	误译	Yeah. They were created by The Blade of Exodus.\nThe spirits inside are victims of their vicious occupation.	是啊。他们是被放逐之刃创造出来的。\n里面的灵是他们那场残暴占领的受害者。	是啊。他们是被放逐之刃创造出来的。\n里面的灵是那场残暴占领的受害者。	“他们那场占领”会把受害者误指成占领者，原文指的是占领的受害者。	[char_valessa] Spirits...? | 灵……？	[char_valessa] Right. Then it's just like [firstname] said.\nWait — victims of The Oc | 对。那就跟[firstname]说的一样。\n等等——占领的受害者……？
batch_2.tsv	dialogue_0006.tsv	2067	char_damek	术语	Salus was the master strategist. I just worked under him.\nThey say I fill his shoes quite well, but I don't think that's true.\nI think they need something to believe in. They need hope.	萨卢斯才是真正的战略大师。我只是在他手下做事。\n他们说我很好地接替了他，但我不这么认为。\n我觉得他们需要一个可以信仰的东西。他们需要希望。	萨鲁斯才是真正的战略大师。我只是在他手下做事。\n他们说我很好地接替了他，但我不这么认为。\n我觉得他们需要一个可以信仰的东西。他们需要希望。	Salus 全篇统一译作“萨鲁斯”，此处“萨卢斯”不一致。	[char_damek] Everybody expects me to lead us to victory.\nThey call me a master str | 所有人都指望我带领大家走向胜利。\n他们称我为战略大师，对我赞不绝口。\n但说到底，我只是在追随{i}他{/i}的脚步。	[char_damek] They pushed that need for hope onto me, and I {i}became{/i} that hope. | 他们把对希望的渴求强加到我身上，而我{i}成为{/i}了那份希望。\n说实话，我觉得自己更像一个象征，而不是别的什么。\n我敢肯定你明白我的
batch_2.tsv	dialogue_0006.tsv	2096	char_damek	误译	I know, right?\nI thought the same thing.\nIt's incredible that they made this.	我也这么想，对吧？\n我当初也是同样的感受。\n他们能造出这个，真是太不可思议了。	可不是嘛？\n我当初也是同样的感受。\n他们能造出这个，真是太不可思议了。	“I know, right?”表示附和，不是“我也这么想，对吧？”的疑问。	[char_damek] Well, what do you think?\nThis is it — this is our home. | 那么，你觉得怎么样？\n就是这里了——这就是我们的家。	[char_damek] What? That's not—\nYou know what I meant, [firstname]! | 什么？那不是——\n你知道我是什么意思，[firstname]！
batch_2.tsv	dialogue_0006.tsv	2318	char_jit_map124_30_1_17	标点	Then maybe we'll find out soon.\nWhatever knowledge they have in there? We deserve to know.\nI'm sure Damek will open its doors to everybody after the war.	那也许我们很快就能知道了。\n不管那里藏着什么知识？我们都该有权知道。\n我相信战争结束后，达梅克会把它的大门向所有人敞开。	那也许我们很快就能知道了。\n不管那里藏着什么知识，我们都该有权知道。\n我相信战争结束后，达梅克会把它的大门向所有人敞开。	“不管”引导的是从句，不能在这里使用问号。	[char_valessa] That's the end goal, yeah. | 那是最终目标，没错。	[char_fortaime] Who do you side with, Lillith? | 你站在谁那边，莉莉丝？
batch_2.tsv	dialogue_0007.tsv	2520	char_pro	语气	It's not your job to control everything!\nYou need to get that through your thick skull!	控制一切不是你的职责！\n你得把这一点刻进你那顽固的脑子里！	用不着你什么都管！\n你得把这一点刻进你那顽固的脑子里！	普洛说话直接粗俗，不应使用“不是你的职责”这种书面职场口吻。	[char_ulric] I had everything under control. | 我本来把一切都控制住了。	[char_ulric] You're going to regret this. | 你会后悔的。
batch_2.tsv	dialogue_0007.tsv	2569	char_damek	误译	Now you're just putting words in my mouth.\nThe only person I'd tell is [firstname]. 	你这是在替我说话。\n我唯一会告诉的人就是[firstname]。	你这是在曲解我的意思。\n我唯一会告诉的人就是[firstname]。	put words in my mouth 指曲解或强加说法，不是“替我说话”。	[char_pro] What an interesting way to tell me that you side with Ulric.\nSometime | 用这种方式告诉我你站在乌尔里克那边，真有意思。\n有时候{i}不{/i}说什么，就足以让我明白一切。	[char_pro] Interesting. | 有意思。
batch_2.tsv	dialogue_0007.tsv	2674	char_damek	其他	So try not to get {i}too{/i} comfortable, alright?\nThis is just where you'll stay in the meantime.\nI wouldn't want Shane to think I forgot about him.	所以别太{i}过{/i}安顿下来，好吗？\n这只是你暂时的住处。\n我不想让肖恩以为我忘了他。	所以别在这里住得{i}太{/i}自在，好吗？\n这只是你暂时的住处。\n我不想让肖恩以为我忘了他。	“太过安顿下来”搭配错误，原意是别把这里当成自己的家。	[char_damek] This room belonged to Shane. He was dear to me.\nI sent him on a dange | 这个房间原本属于肖恩。他对我很重要。\n我派他去三人执政团的城堡执行一项危险任务。\n他已经离开有一阵子了，但我知道他会回来的。我能感觉到。	[旁白] I nod. That makes perfect sense.{w}\nBut I wonder why he was inspectin | 我点点头。这完全说得通。{w}\n但我不明白他为什么要查看那个架子。{w}\n他空手而止，说明没找到想要的东西。
batch_2.tsv	dialogue_0007.tsv	2705	char_sovy	误译	You could've fooled me, [firstname].\nI've seen nothing but a capable ruler in you.\nIt's an honor to serve. This world is in good hands.	你可骗过我了，[firstname]。\n我在你身上只看到一个有能力的统治者。\n能为你效力是我的荣幸。这个世界交到了可靠的人手里。	我可真没看出来，[firstname]。\n我在你身上只看到一个有能力的统治者。\n能为你效力是我的荣幸。这个世界交到了可靠的人手里。	“You could've fooled me”是“我真没看出来”，不是“你可骗过我了”。	[char_sovy] Well I guess it worked. I mean, look where we are.\nIf Ulric can redee | 好吧，我想它奏效了。我是说，看看我们现在。\n如果乌尔里克能自我救赎，那我当然也能。\n他做过的事比我恶劣得多。可看看他现在的样子。	[char_sovy] I assume that most people will find themselves lost at one point in th | 我猜大多数人一生中都会有迷茫的时候。\n可怕的是——如果它还没发生——它随时都可能来临。\n我太愚蠢了，以为巴尔泰乌斯的任何人都能给我指引方
batch_2.tsv	dialogue_0007.tsv	2717	char_sovy	误译	That's more than I can say about everybody else I know.\nIn fact — I don't think I've ever gotten a gift before — from anybody.\nNot even my Father, who these pens reminded me of in the first place.	我认识的其他人都没让我这么说过。\n事实上——我想我从前从没收到过礼物——从任何人那里。\n连我父亲都没有，而这些笔最先让我想起的正是他。	我认识的其他人都做不到这一点。\n事实上——我想我从前从没收到过礼物——从任何人那里。\n连我父亲都没有，而这些笔最先让我想起的正是他。	原句表达的是“别人都没这样把我当朋友”，不是“没让我这么说过”。	[char_sovy] I don't really know what to say.\nSo I guess I'll take that as a sign  | 我真不知道该说什么。\n所以我想，这大概是个该闭嘴的信号。\n谢谢你把我当朋友。真心感谢。	[旁白] He scoffs, and looks down at them once more. | 他嗤笑一声，又低头看了看它们。
batch_2.tsv	dialogue_0007.tsv	2733	char_damek	误译	It's been a pleasure, [firstname].	幸会，[firstname]。	很高兴陪你参观，[firstname]。	“It's been a pleasure”是在结束参观时客套，不是初次见面的“幸会”。	[char_damek] I'm going to make a quick stop in my room, actually.\nAfter that, I'll | 其实，我要先回房间一下。\n之后我们在作战会议桌见，好吗？\n花点时间放松一下，你真的很该歇歇了。	[char_damek] It's been a pleasure, [firstname]. | 很高兴陪你参观，[firstname]。
batch_2.tsv	dialogue_0007.tsv	2734	char_damek	误译	It's been a pleasure, [firstname].	幸会，[firstname]。	很高兴陪你参观，[firstname]。	“It's been a pleasure”是在结束参观时客套，不是初次见面的“幸会”。	[char_damek] It's been a pleasure, [firstname]. | 很高兴陪你参观，[firstname]。	[旁白] With a smile, he walks off to one of the side rooms.{w}\nI guess that' | 他微笑着走进其中一间侧房。{w}\n我想，如果我想见他，就该去那一间。{w}\n有了期盼已久的空闲时间，去看看也许是个好主意。
batch_2.tsv	dialogue_0007.tsv	2737	旁白	标点	[[Use the region map to move to the War Table and continue the story.]\n[[For now, feel free to roam the world and access content at your leisure.]\n[[Every unlocked character has a Heart-to-Heart in the Crew Quarters.]	[[使用区域地图前往作战会议桌，继续剧情。]]\n[[现在，你可以随意探索世界，自由体验各项内容。]]\n[[每位已解锁的角色在船员舱都有一个“交心”事件。]]	[[使用区域地图前往作战会议桌，继续剧情。]\n[[现在，你可以随意探索世界，自由体验各项内容。]\n[[每位已解锁的角色在船员舱都有一个心灵对话事件。]	每行多出一个右方括号，破坏原有 [[... ] 结构；Heart-to-Heart 也应与同处界面串统一为“心灵对话”。	[旁白] However, I should make sure to spend it wisely.{w}\nAs soon as I met h | 不过，我得确保好好利用这段时间。{w}\n我一旦在作战会议桌与他碰面，一切就会开始。{w}\n而我有种感觉，往后的一切都不会轻松。	[旁白] Cannot access content at this time.\nIf there is an X, you must comple | 目前无法访问此内容。\n若显示叉号，你必须先完成前置的心灵对话。\n若显示对勾，你必须前往下一个心灵对话。
batch_2.tsv	dialogue_0007.tsv	2754	char_fortaime	其他	And what about the idol in Alarinthia that The Triumvirate destroyed?\nThey expect us to believe that Alarinthia was always meant to be a desert?\nI was told that the destruction of their idol caused it to become lifeless.	那被三人执政团毁掉的阿拉林西亚的灵像又怎么说？\n他们想让我们相信阿拉林西亚本来就该是片沙漠吗？\n我听说正是他们灵像被毁，才使它变得毫无生机。	那被三人执政团毁掉的阿拉林西亚的灵像又怎么说？\n他们想让我们相信阿拉林西亚本来就该是片沙漠吗？\n我听说正是他们的灵像被毁，才使那里变得毫无生机。	原句缺少“的”，且“使它”指代不清。	[char_fortaime] That means we don't need to worry about it freezing over.\nIt just bri | 那意味着我们不必担心它会冻结。\n只是又引出一个新问题。灵像{i}究竟{/i}是什么？\n我们知道它们能造出先知，但这里那座灵像呢？	[char_fortaime] Either way, more studying is required.\nBut I'm starting to think outs | 不管怎样，还需要更多研究。\n但我开始跳出固有思维了。我喜欢这样。\n你知道，这几乎像是瓦利诺斯在引导我们的思绪。
batch_2.tsv	dialogue_0008.tsv	2853	char_ulric	术语	Damek is always saying \"train, train, train\".\nI don't even know if he's capable of taking it easy.\nAt least Salus knew how to balance work and fun.	达梅克总是说“训练、训练、训练”。\n我都不知道他到底懂不懂什么叫放松。\n至少萨卢斯懂得平衡工作和玩乐。	达梅克总是说“训练、训练、训练”。\n我都不知道他到底懂不懂什么叫放松。\n至少萨鲁斯懂得平衡工作和玩乐。	Salus 全篇统一译作“萨鲁斯”，此处“萨卢斯”不一致。	[char_ulric] Wow, that certainly took me back.\nI haven't had a drinking buddy like | 哇，这真让我想起从前。\n我{i}很久{/i}没有像你这样的酒友了。\n如今的人似乎都忘了生活中更美好的东西。	[旁白] He goes to take another sip of the wine, trying to get the last drops. | 他又去抿了一口酒，想喝到最后一滴。{w}\n我好奇这瓶花了他多少钱——这大概是我尝过最好的酒了。
batch_2.tsv	dialogue_0008.tsv	2948	旁白	其他	He pulls out two chairs and proceeds to sit down.{w}\nTaking the side closest to the brooch he laid down, he looks up at me.	他拉出两把椅子，坐了下来。{w}\n他坐在靠近那枚胸针放下的一侧，抬头看我。	他拉出两把椅子，坐了下来。{w}\n他坐到靠近放下胸针的那一侧，抬头看我。	“靠近那枚胸针放下的一侧”缺少必要的结构，读起来不通。	[char_damek] Fantastic. I guess it's smooth sailing, now.\nAfter some downtime, we  | 太好了。我想现在一切顺利了。\n休息一阵后，我们得在作战室碰面。\n事情不复杂，不过我会把训练日程给你。	[char_damek] Care to join me?\nI wouldn't mind getting to know you a little better. | 愿意陪我坐坐吗？\n我倒不介意多了解你一点。\n毕竟，你不只是“先知”而已。
batch_2.tsv	dialogue_0008.tsv	2990	char_howl	术语	Pirates rush to help, but not led by the same leader.\nUlric sacrificed himself to use the blade, and create an army.\nThe Monarch Vessels, or perhaps the Created Seers.	海盗们赶来相助，但领头人并非同一个。\n乌尔里克牺牲自己使用那把剑，创造出军队。\n君主容器，又或者是“造出来的先知”。	海盗们赶来相助，但领头人并非同一个。\n乌尔里克牺牲自己使用那把剑，创造出军队。\n君主容器，又或者是“人造先知”。	Created Seers 在其他位置统一为“人造先知”，此处不应另译。	[char_howl] We see a past where we failed to save you, Monarch.\nYou fell to your  | 君主，我们看见一个没能救下您的过去。\n您因伤倒下，阿莱斯蒂亚毫无希望。\n达梅克也是。反抗军的失败已成定局。	[char_howl] Why do you say that seeing these things is important?\nIt is death, an | 你为什么说看见这些很重要？\n这是死亡与杀戮。是一切希望的破灭；最终，还是死亡。\n这一切之中唯一不变的，只有放逐之刃。
batch_2.tsv	dialogue_0008.tsv	3017	旁白	误译	He points to a small exit in the back corner of the room.{w}\nIt almost looks like the entrance of a cave. It stands out.{w}\nThey must've dug out a large portion of this room.	他指向房间后角落的一个小出口。{w}\n那几乎像个洞穴入口。显得很突兀。{w}\n他们一定把这个房间挖掉了很大一部分。	他指向房间后角落的一个小出口。{w}\n那几乎像个洞穴入口。显得很突兀。{w}\n他们一定为这个房间挖出了很大一块空间。	原句像是在说他们把房间本身挖掉一部分，实际是挖出空间建成房间。	[char_damek] Now, there's one more thing.\nThe spirit idol we discovered is right d | 另外，还有一件事。\n我们发现的灵像就在那下面。\n路有点远，所以我得晚些再带你去看。	[char_damek] It's also where I chose to bury Salus, our former leader.\nI guess I c | 那里也是我安葬前任领袖萨鲁斯的地方。\n我想在这种事上我也会多愁善感。\n只是觉得那样做是对的，你懂吗？
batch_2.tsv	dialogue_0008.tsv	3018	char_damek	术语	It's also where I chose to bury Salus, our former leader.\nI guess I can be sentimental when it comes to that stuff.\nIt just seemed like the right thing to do, you know?	那也是我选择安葬萨卢斯的地方，我们的前任领袖。\n我想在这种事上我也会多愁善感。\n只是觉得那样做是对的，你懂吗？	那里也是我安葬前任领袖萨鲁斯的地方。\n我想在这种事上我也会多愁善感。\n只是觉得那样做是对的，你懂吗？	Salus 应统一为“萨鲁斯”，同时调整同位语语序。	[旁白] He points to a small exit in the back corner of the room.{w}\nIt almos | 他指向房间后角落的一个小出口。{w}\n那几乎像个洞穴入口。显得很突兀。{w}\n他们一定为这个房间挖出了很大一块空间。	[char_damek] Now, let's go over your— | 现在，我们来过一遍你的——
batch_2.tsv	dialogue_0008.tsv	3042	char_jit_map134_1_0_23	其他	I'll accept that apology when you take me to the idol.\nI'm sure you understand. I'm past the point of buying time.\nAnd make sure you bring that new friend of yours, as well.	等你带我去看灵像，我再接受你的道歉。\n你肯定明白。我已经过了可以被拖延的时候了。\n还有，记得把你那位新朋友也带上。	等你带我去看灵像，我再接受你的道歉。\n你肯定明白。我已经没耐心再拖下去了。\n还有，记得把你那位新朋友也带上。	“已经过了可以被拖延的时候了”句式错误，不符合格瑞兹强硬口吻。	[char_damek] I suppose I can rearrange my schedule a {i}bit{/i}.\nSorry if it appea | 我想我可以把日程{i}稍微{/i}调整一下。\n如果看起来像是我要食言，抱歉。	[旁白] Oh, so it was the idol he wanted...?{w}\nAnd from the way he spoke, he | 哦，原来他想要的是灵像……？{w}\n从他说话的方式看，他也想要我。{w}\n当然，这一切多半都和放逐之刃有关。
batch_2.tsv	dialogue_0008.tsv	3082	旁白	误译	All I can hear is screams of agony as our forces are caught off guard.{w}\nBodies start to litter the floor, while other Rebels grab weapons and fight.{w}\nGryz runs forward, and grabs Damek's body, slowly dragging it away.	我方措手不及时，我所能听到的只有痛苦的惨叫。{w}\n尸体开始横陈一地，另有反抗军抓起武器抵抗。{w}\n格瑞兹冲上前，抱起达梅克的身体，缓缓将它拖走。	我方措手不及时，我所能听到的只有痛苦的惨叫。{w}\n尸体开始横陈一地，另有反抗军抓起武器抵抗。{w}\n格瑞兹冲上前，抓起达梅克的身体，缓缓将它拖走。	前文是抓住并拖走，不是抱起后拖走，动作互相矛盾。	[旁白] All hell breaks loose before I can even start to process these events. | 我还没来得及理清这些事，一切就已乱作一团。{w}\n荣誉卫队抄起剑，开始屠戮反抗军。{w}\n仅仅一个响指，他就让它们全都陷入了杀戮的狂怒。	[char_jit_map134_1_0_23] [firstname], come with me!\nLet the Rebels keep the enemy occupied!\nI | [firstname]，跟我来！\n让反抗军拖住敌人！\n我有个主意，但你得照我说的做！
batch_2.tsv	dialogue_0008.tsv	3107	char_sovy	误译	The Seeress saw only what The Triumvirate wanted her to see.\nA trick — to lure every single one of you down here. It worked.\nAnd after I kill you, The Seeress' life and that blade will be {i}mine{/i}.	先知看到的，只是三人执政团想让他看到的。\n一个圈套——把你们每一个人都引到下面来。它奏效了。\n等我杀了你，先知的生命和那把剑就都归{i}我{/i}了。	先知看到的，只是三人执政团想让她看到的。\n一个圈套——把你们每一个人都引到下面来。它奏效了。\n等我杀了你，先知的生命和那把剑就都归{i}我{/i}了。	原文为 her，译文误用了“他”。	[char_sovy] The Seer saw only what The Triumvirate wanted him to see.\nA trick — t | 先知看到的，只是三人执政团想让他看到的。\n一个圈套——把你们每一个人都引到下面来。它奏效了。\n等我杀了你，先知的生命和那把剑就都归{i}	[char_sovy] May The Triumvirate reign eternal... | 愿三人执政团永世长存……
batch_2.tsv	dialogue_0008.tsv	3184	旁白	其他	I couldn't let others use it to assist in their suicide.{w}\nTurning to face the idol, I slowly remove the blade from the scabbard.{w}\nRemembering Gryz's insight, I try to bend the blade to my will.	我不能让别人用它来成全自己的送死。{w}\n我转身面对灵像，缓缓将剑从鞘中抽出。{w}\n忆起格瑞兹的见解，我试着让这把剑屈从于我的意志。	我不能让别人用它来帮自己寻死。{w}\n我转身面对灵像，缓缓将剑从鞘中抽出。{w}\n忆起格瑞兹的见解，我试着让这把剑屈从于我的意志。	“成全自己的送死”搭配错误。	[旁白] I expected him to fight me for the blade, but he accepts defeat.{w}\nT | 我原以为他会为这把剑跟我争抢，可他却认输了。{w}\n他转过身，耷拉着肩膀，开始走开。{w}\n这是我的职责。这是我的命运。驾驭放逐之刃。	[旁白] This time, it wouldn't overpower me.{w}\nIt would help me save us all  | 这一次，它不会压制我。{w}\n它会帮我将所有人从这场屠杀中拯救出来。
batch_2.tsv	dialogue_0009.tsv	3288	旁白	标点	They let go, and shake their head dismissively.{w}\nA flicker of light from the dying idol illuminates their face.{w}\nWhen I see them, I ask who they are: but get no straight answer.	他们收回手，不以为然地摇了摇头。{w}\n垂死灵像的一丝微光映亮了他们的脸。{w}\n我看清他们后，问他们是谁：却没有得到明确的回答。	他们收回手，不以为然地摇了摇头。{w}\n垂死灵像的一丝微光映亮了他们的脸。{w}\n我看清他们后，问他们是谁，却没有得到明确的回答。	冒号把完整句子错误割裂，应改为逗号。	[旁白] They reach forward, and place a hand on my chest.{w}\nI hadn't realize | 他们伸出手，把手放在我的胸口。{w}\n我没意识到，但在恍惚之中——疼痛已经停止了。{w}\n还是一开始就根本不存在？也许只是我脑子里感觉到	[char_howl] Gaze into the abyss — after a lifelong journey, and plead.\nBeg for th | 凝视深渊吧——在漫长的旅途之后，然后恳求。\n为你最执着的疑问乞求答案，再告诉我：\n什么最让你恐惧？是被留在沉默中，还是听见答案？
batch_2.tsv	dialogue_0009.tsv	3377	char_ulric	误译	That's the point, Pro.\nYou don't see a man like him.\nHe comes and goes as he pleases.	问题就在这儿，普洛。\n你根本看不见他这种人。\n他随心所欲地来去。	问题就在这儿，普洛。\n他这种人，你根本不会察觉。\n他随心所欲地来去。	原意是这种人行动隐秘、难以察觉，不是字面意义上的“看不见”。	[char_pro] But I didn't see him run off anywhere.\nWe were all in the tunnels, we | 可我并没看见他往哪儿跑啊。\n我们当时都在隧道里，不是吗？	[char_pro] Oh, okay... | 哦，好吧……
batch_2.tsv	dialogue_0009.tsv	3596	char_damek	误译	Apparently, they follow after ancient ideals.\nAn Alarinthian legend that wanted to change the nation.\nSo far, it seems like none have been strong enough to do so.	显然，他们追随的是古老的理想。\n一个想要改变这个国度的阿拉林西亚传说。\n到目前为止，似乎还没有人强大到能够做到。	显然，他们追随的是古老的理想。\n一位想要改变这个国度的阿拉林西亚传奇人物。\n到目前为止，似乎还没有人强大到能够做到。	legend 在这里指传奇人物，不是一段“传说”。	[char_ulric] I've never heard of this. | 我从没听说过这事。	[char_ulric] It's because strength always wins. Plain and simple.\nAnd with strengt | 那是因为力量总能取胜。就这么简单。\n大权在握者不想有任何改变。\n他们只想稳固自己的统治。阿拉林西亚永远如此。
batch_2.tsv	dialogue_0010.tsv	3602	旁白	术语	He tilts his head toward \"Salus\", who shakes his own head in return.	他朝“萨卢斯”偏了偏头，对方则摇了摇头作为回应。	他朝“萨鲁斯”偏了偏头，对方则摇了摇头作为回应。	Salus 全篇统一译作“萨鲁斯”，此处“萨卢斯”不一致。	[char_ulric] Excuse my lack of enthusiasm, Damek.\nI think there are more pressing  | 恕我提不起兴致，达梅克。\n我认为眼下有更紧迫的事要处理。\n我们还得决定该怎么处置{i}他{/i}。	[char_howl] We require no maintenance.\nWe simply wish to fight, and teach.\nOur l | 我们无需照料。\n我们只求战斗，并传道授业。\n我们的传承需要延续下去。
batch_2.tsv	dialogue_0010.tsv	3640	旁白	语气	I let them know that I want Damek to be my advisor.{w}\nI agree with everything he'd said, and I still don't really know Howl.{w}\nBeing an advisor required both knowledge {i}and{/i} teamwork.	我让他们知道我属意达梅克做我的顾问。{w}\n他说的每一点我都赞同，而我对豪尔仍算不上了解。{w}\n做顾问既需要知识，{i}也{/i}需要团队精神。	我让他们知道我属意达梅克做我的顾问。{w}\n他说的每一点我都赞同，而我对豪尔仍算不上了解。{w}\n做顾问既需要知识，{i}也{/i}需要协作精神。	“团队”属于验收标准禁止的现代职场词，改用“协作”。	[char_damek] Hmm...? | 嗯……？	[char_howl] Very well. | 好吧。
batch_2.tsv	dialogue_0010.tsv	3671	char_damek	术语	Whether I'm your strategist or not, you're still our savior.\nBesides, I could never speak out of turn. You're royalty now.\nJust make sure to be responsible with your influence, Monarch.	无论我是不是你的战略家，你依然是我们的救世主。\n再说，我绝不会越礼妄言。你现在是皇族了。\n只是务必善用你的影响力，君主。	无论我是不是你的战略家，你依然是我们的救世主。\n再说，我绝不会越礼妄言。你现在是王室成员了。\n只是务必善用你的影响力，君主。	本作政治体系统一译作“王室”，royalty 应译为“王室成员”，不是“皇族”。	[char_damek] I guess that blade really {i}is{/i} our only hope.\nLook — I'll let yo | 看来那把剑{i}真的{/i}是我们唯一的希望。\n听着——我不打扰你休息了。我知道被打断是什么滋味。\n我只是想让你知道，我不恨你。永远不会	[旁白] He gives me a slight bow, as a sign of respect, before leaving.{w}\nI' | 他微微躬身，以示敬意，然后离开。{w}\n我不确定发生了什么——但他现在似乎不一样了。{w}\n我想今天发生的事，换作谁都会有所改变。
batch_2.tsv	dialogue_0010.tsv	3777	char_valessa	术语	They kept running off to Mazeo, and left us in Salus' hands.\nNow that I think about it, he raised us more than they ever did.\nI guess they were more interested in this life of piracy. It's awful.	他们总是跑回马泽奥，把我们丢给萨卢斯照看。\n现在想想，他才是把我们养大的人，远比他们用心。\n我想他们更在意的，是这种海盗生涯。真恶心。	他们总是跑回马泽奥，把我们丢给萨鲁斯照看。\n现在想想，他才是把我们养大的人，远比他们用心。\n我想他们更在意的，是这种海盗生涯。真恶心。	Salus 全篇统一译作“萨鲁斯”，此处“萨卢斯”不一致。	[char_valessa] Kinda funny, isn't it? We both ended up having HQ's in Mazeo.\nBut to  | 挺讽刺的，不是吗？我们俩最后都在马泽奥有了总部。\n但说实话，我希望相似之处到此为止。\n我越了解他们——就越是{i}恨{/i}他们……	[旁白] She looks around the cove, taking in the environment. | 她环顾湾洞，打量着四周的环境。
batch_3.tsv	dialogue_0011.tsv	4128	char_sovy	误译	My desire for justice was something they wanted on their side.\nBut I no longer fought for my home village. I fought for all of Alestia.\nI swore an oath to them — that I would always fight for the rulers of this world.	他们对正义的渴望，正是他们想要拉拢的。\n但我不再为我的家乡而战。我为整个阿莱斯提亚而战。\n我向他们立下誓言——永远为这个世界的统治者而战。	他们想把我的正义感拉拢到他们一方。\n但我不再为我的家乡而战。我为整个阿莱斯提亚而战。\n我向他们立下誓言——永远为这个世界的统治者而战。	原文主语是索维本人的正义感，译文误写成“他们的渴望”。	[char_sovy] I was shocked. I expected to be dragged to the nearest prison.\nBut he | 我很震惊。我以为自己会被拖进最近的监狱。\n但他直接把我带到了三人执政团面前，讲了我的故事。\n就在那时，他们希望我成为他的学徒。我答应了。	[char_sovy] At the time, I believed it was them.\nBut learning the truth of The Mo | 当时，我相信统治者就是他们。\n但得知王室的真相？那只是揭开了旧伤。\n我用全新的眼光看待三人执政团——就像我看待我所谓的父母一样。
batch_3.tsv	dialogue_0011.tsv	4191	char_fortaime	误译	Whoa, that's pretty cool.\nI wonder what I can find, then!	哇，那可真酷。\n那我想想我能找到些什么！	哇，那可真酷。\n不知道我能找到些什么！	“I wonder”在此表示好奇、想知道，并非“我想想”。	[char_ulric] The greatsword even originated in Alarinthia.\nYou don't see many peop | 巨剑甚至就起源于阿拉林西亚。\n在大陆上，你很少见到有人带着它。\n不过我从小就用它——所以别的武器我都用不惯。	[char_ulric] What part of illegal don't you understand?\nThere are laws in place to | “非法”两个字你哪部分听不懂？\n是有法律来防止制造更不人道的东西。\n但那些法律管不到像城镇广场集市这样的地方。
batch_3.tsv	dialogue_0011.tsv	4246	char_howl	误译	We thought you deserved a break, so we took action.\nYour energy is best conserved until we reach Balteus.\nYou needn't worry about stocking or manning the ships.	我们觉得你该歇一歇，所以就动手了。\n你的精力最好留到我们抵达巴尔泰乌斯之前。\n你不必操心物资补给或船上的人手。	我们觉得你该歇一歇，所以就动手了。\n你的精力最好留到我们抵达巴尔泰乌斯时再用。\n你不必操心物资补给或船上的人手。	“until we reach”是保留到抵达时，译文“抵达之前”改变了时间含义。	[旁白] I nod. That would be our next challenge.{w}\nThey wouldn't just bow to | 我点点头。那将是我们接下来的挑战。{w}\n他们不会一夜之间就向新统治者臣服。{w}\n那需要付出巨大的努力、协调与谋划。	[旁白] I smile, thankful that Howl is taking the initiative.{w}\nI'd definite | 我笑了，感谢豪尔主动担起这些。{w}\n我肯定需要利用这段航程来做好准备。{w}\n我用这把剑的技艺还不到家。我需要练习。
batch_3.tsv	dialogue_0011.tsv	4292	旁白	误译	As I walk toward them to see what's happening, I'm immediately interrupted by my comrades.{w}\nHappy to see me aboard, there's a quick exchange of hugs and pleasantries. They seem excited.{w}\nPerhaps they really are. Or, perhaps, they're putting on an act to hide how frightened they are.	我朝他们走去，想看看发生了什么，却立刻被同伴们打断。{w}\n他们高兴看到我上了船，很快互相拥抱寒暄了一番。他们看起来很兴奋。{w}\n也许他们是真的兴奋。又或者，他们是在演戏，掩饰自己的恐惧。	我朝他们走去，想看看发生了什么，却立刻被同伴们打断。{w}\n他们高兴看到我上了船，随即和我拥抱寒暄了一番。他们看起来很兴奋。{w}\n也许他们是真的兴奋。又或者，他们是在演戏，掩饰自己的恐惧。	交流拥抱的对象是刚上船的主角，译文“互相拥抱”把主角排除在外。	[旁白] I turn around to face the deck and crew. The atmosphere seems tense.{w | 我转身面向甲板和船员。气氛似乎很紧张。{w}\n达梅克和豪尔几乎立刻就凑到了一起。他们在查看羊皮纸。{w}\n那看起来很重要，他们正专注于讨	[旁白] Either way, it's best to make the most of any happy moments.{w}\nThis  | 无论如何，都该尽情享受任何快乐的时刻。{w}\n这是暴风雨前的平静。最后一场暴风雨。
batch_3.tsv	dialogue_0012.tsv	4414	旁白	误译	As soon as I arrive on the deck, I see exactly why I was needed.{w}\nOff in the distance, we're met by a fleet of ships belonging to The Triumvirate.{w}\nThey're far — but not far enough away that the sheen of the Honor Guard is concealed.	我一到甲板，就明白为什么需要我了。{w}\n远处，一支属于三人执政团的舰队正与我们相对。{w}\n他们很远——但还没远到能遮住荣誉卫队铠甲的光泽。	我一到甲板，就明白为什么需要我了。{w}\n远处，一支属于三人执政团的舰队正与我们相对。{w}\n他们很远——但距离还没远到看不清荣誉卫队铠甲的光泽。	原译把“尚未远到看不清”误写成“远到能遮住光泽”，逻辑相反且搭配不当。	[旁白] Dropping the issue from my mind, I head up to the deck.{w}\nI had no i | 我把这事抛到脑后，向甲板走去。{w}\n我不知道达梅克为什么需要我，但这念头令人不安。{w}\n缓缓登上阶梯，种种不祥的可能在脑中挥之不去。	[旁白] Damek and Howl immediately run over. I can see the panic on their face | 达梅克和豪尔立刻跑了过来。我能看到他们脸上的惊慌。{w}\n显然，战斗迫在眉睫。我迎上前去，想听听他们的计划。
batch_3.tsv	dialogue_0012.tsv	4433	旁白	语气	Alex runs off and climbs the netting of the ship.{w}\nI look over at the other ships, and pirates start doing the same.{w}\nIt's almost like they have an entire language to communicate over long distances.	亚历克斯跑开，爬上了船上的网绳。{w}\n我望向其他船只，海盗们也开始做同样的事。{w}\n他们简直像有一套完整的语言，能在远距离互相沟通。	亚历克斯跑开，爬上了船上的网绳。{w}\n我望向其他船只，海盗们也开始做同样的事。{w}\n他们简直像有一套完整的语言，能在远距离互通消息。	“沟通”是现代职场式用词，独白改用更自然的“互通消息”。	[char_jit_map259_1_0_103] Yes, sir! | 是，长官！	[旁白] He waves over Nada. | 他招手叫来娜达。
batch_3.tsv	dialogue_0012.tsv	4446	旁白	语气	Nada runs off and climbs the netting of the ship.{w}\nI look over at the other ships, and pirates start doing the same.{w}\nIt's almost like they have an entire language to communicate over long distances.	娜达跑开，爬上了船上的网绳。{w}\n我望向其他船只，海盗们也开始做同样的事。{w}\n他们简直像有一套完整的语言，能在远距离互相沟通。	娜达跑开，爬上了船上的网绳。{w}\n我望向其他船只，海盗们也开始做同样的事。{w}\n他们简直像有一套完整的语言，能在远距离互通消息。	“沟通”是现代职场式用词，独白改用更自然的“互通消息”。	[char_jit_map259_1_0_273] Sure thing. | 没问题。	[旁白] That was an impressive sight to see.{w}\nHowever, seeing Damek think o | 那景象着实令人叹为观止。{w}\n不过，看着达梅克临机应变，同样令人钦佩。{w}\n随着一声叹息和一抹微笑，信心压过了片刻前的惊慌。
batch_3.tsv	dialogue_0012.tsv	4529	char_shane	误译	I was hurt by The Occupation, and I wanted to fight.\nBut I realized I was being greedy; and there was no point.\nIt's not my happiness — my satisfaction, that matters. It's the world's.	我曾因占领而受伤，我想战斗。\n但我意识到那只是我的贪念，毫无意义。\n重要的不是我的幸福——我的满足。而是这个世界的。	我曾因占领而受伤，我想战斗。\n但我意识到那只是我的贪念，毫无意义。\n重要的不是我的幸福或满足，而是这个世界的幸福与满足。	原句是对比“我的幸福满足”与“世界的幸福满足”，译文末句缺少所比较的对象。	[旁白] We circle around each other, both holding out our weapons. | 我们举着武器，绕着彼此转圈。	[旁白] It seems we've reached a stalemate — both trying to talk each other do | 看来我们陷入了僵局——都想说服对方放弃。{w}\n但我不会让步，而我有种感觉，他也不会。{w}\n他的观念已被扭曲；而他认为我的也是。
batch_3.tsv	dialogue_0013.tsv	4816	char_howl	术语	Or perhaps it's a bad sign, Damek.\nMaybe our enemy has the power to harm Alestia itself.\nHow do you think we can stand up against such a foe?	又或者这是个坏兆头，达梅克。\n也许我们的敌人有能力伤害阿拉斯蒂亚本身。\n你觉得我们要怎么对抗这样的对手？	又或者这是个坏兆头，达梅克。\n也许我们的敌人有能力伤害阿莱斯蒂亚本身。\n你觉得我们要怎么对抗这样的对手？	Alestia 的统一译名为“阿莱斯蒂亚”，不是“阿拉斯蒂亚”。	[char_damek] I don't know — but I think this is a good sign.\nIt means we can contr | 我不知道——但我觉得这是个好兆头。\n这说明我们能够控制或限制正在发生的事。\n明白这一点，也许我们就能修复巴尔泰乌斯。	[旁白] Everybody exchanges worried glances.{w}\nBut then, their eyes find the | 大家忧心忡忡地交换着眼神。{w}\n但随后，他们的目光都落到了我背上的那把剑上。{w}\n显然，常规手段不足以取胜。
batch_3.tsv	dialogue_0013.tsv	4819	旁白	术语	Nobody knows how to answer Howl, and an awkward silence follows.{w}\nBut then we realize that it is, indeed, a silence. This is concerning.{w}\nThe earlier fight is over — but did The Created Seers prevail?	没人知道该如何回应豪尔，随之而来的是尴尬的沉默。{w}\n但接着我们意识到，那确实是一片沉寂。这令人不安。{w}\n先前的战斗结束了——可被造先知们赢了吗？	没人知道该如何回应豪尔，随之而来的是尴尬的沉默。{w}\n但接着我们意识到，那确实是一片沉寂。这令人不安。{w}\n先前的战斗结束了——可人造先知们赢了吗？	Created Seers 在本批次既定译名为“人造先知”。	[旁白] Nobody knows how to answer Howl, and an awkward silence follows.{w}\nB | 没人知道该如何回应豪尔，随之而来的是尴尬的沉默。{w}\n但接着我们意识到，那确实是一片沉寂。这令人不安。{w}\n先前的战斗结束了——可君	[char_damek] Hey, uh, let's get inside, alright?\nMaybe the Librarian knows more ab | 嘿，呃，我们进去吧，好吗？\n也许图书管理员知道得更多。\n我们不该这样站在外面空地上。
batch_3.tsv	dialogue_0013.tsv	4854	char_jit_map278_1_0_126	术语	I wrote about The Triumvirate, and spread it everywhere.\nI made them seem like Gods. Like they were the creators of this world.\nAs new life began on Alestia, they found my writing, and believed every word.	我写下关于三人执政团的文字，并四处传播。\n我让他们看起来像神。仿佛他们是这个世界的创造者。\n当新的生命在阿拉斯蒂亚诞生时，他们发现了我的文字，对每一个字都深信不疑。	我写下关于三人执政团的文字，并四处传播。\n我让他们看起来像神。仿佛他们是这个世界的创造者。\n当新的生命在阿莱斯蒂亚诞生时，他们发现了我的文字，对每一个字都深信不疑。	Alestia 的统一译名为“阿莱斯蒂亚”，不是“阿拉斯蒂亚”。	[char_howl] And what new history did you create? | 那你创造了什么新历史？	[旁白] Howl scoffs, as anger boils within him.{w}\nBut before he can do anyth | 豪尔嗤笑一声，怒火在胸中翻涌。{w}\n但他还没来得及做什么，普洛就打断了他。
batch_3.tsv	dialogue_0013.tsv	4921	旁白	术语	I see Damek shaking hands with the Created Seers.{w}\nGood. They helped us secure the library — and survived.{w}\nThey would be a valuable asset in holding the Town Square.	我看见达梅克在和被造先知们握手。{w}\n很好。他们帮我们拿下了图书馆——而且活了下来。{w}\n守住城镇广场，他们会是宝贵的战力。	我看见达梅克在和那些人造先知握手。{w}\n很好。他们帮我们拿下了图书馆——而且活了下来。{w}\n守住城镇广场，他们会是宝贵的战力。	Created Seers 在本批次既定译名为“人造先知”。	[旁白] Looking around the area, It appears that everybody is here.{w}\nI try  | 环顾四周，看来所有人都到了。{w}\n我试着清点人数，确认一下没错。{w}\n这是最后的进攻。我们需要倾尽全力。	[旁白] It was nice to see their full potential finally realized.{w}\nUsing th | 看到他们的全部潜能终于得以发挥，真是太好了。{w}\n他们凭借预视，智胜了整整一大群敌人。{w}\n就在这一刻——我知道自己做出了正确的选择
batch_3.tsv	dialogue_0013.tsv	4923	旁白	术语	One fact stands out to me. The Created Seers are nowhere to be seen.{w}\nThey weren't inside the building either. This means that they had fallen.{w}\nTheir sacrifice led us to safety in The Library, though. They had won.	有一点格外刺眼。被造先知们不见踪影。{w}\n他们也不在建筑里面。这意味着他们倒下了。{w}\n不过，是他们的牺牲让我们安全抵达了图书馆。他们赢了。	有一点格外刺眼。人造先知们不见踪影。{w}\n他们也不在建筑里面。这意味着他们倒下了。{w}\n不过，是他们的牺牲让我们安全抵达了图书馆。他们赢了。	Created Seers 在本批次既定译名为“人造先知”。	[旁白] It was nice to see their full potential finally realized.{w}\nUsing th | 看到他们的全部潜能终于得以发挥，真是太好了。{w}\n他们凭借预视，智胜了整整一大群敌人。{w}\n就在这一刻——我知道自己做出了正确的选择	[旁白] I find myself frightened by the thought. The Seers could see almost al | 这个念头让我感到恐惧。先知们几乎能看见所有结果。{w}\n也许三人执政团对“数量”的执念终究还是起了作用。{w}\n只要有足够多的士兵，就连
batch_3.tsv	dialogue_0013.tsv	4941	char_damek	语气	It's been an honor serving with you.\nI hope I see you again after this is over.	能与你共事是我的荣幸。\n希望这一切结束后我还能再见到你。	能与你并肩作战是我的荣幸。\n希望这一切结束后我还能再见到你。	这是临战告别，“共事”过于职场化，改为更符合老兵的“并肩作战”。	[旁白] He holds out his hand, and it trembles softly. | 他伸出手，手微微颤抖着。	[旁白] He shakes Damek's hand, with a firm grip. | 他握住达梅克的手，握得很紧。
batch_3.tsv	dialogue_0013.tsv	4945	char_damek	术语	I guess you should get going too, [firstname].\nDon't worry, I have more protection than I'll ever need.\nOur Rebel Forces, the Created Seers, {i}and{/i} the Draconic Army.	我想你也该出发了，[firstname]。\n别担心，我有的保护远超所需。\n我们的反抗军、被造先知，{i}还有{/i}龙族军队。	我想你也该出发了，[firstname]。\n别担心，我有的保护远超所需。\n我们的反抗军、人造先知，{i}还有{/i}龙族军队。	Created Seers 在本批次既定译名为“人造先知”。	[旁白] The handshake is broken, and they give each other uneasy smiles.{w}\nT | 两人松开手，彼此露出不安的微笑。{w}\n那种承认彼此也许再也见不到面的笑。{w}\n不久之后，普洛就上路了。径直去面对自己的命运，毫无畏惧	[char_damek] No matter what they throw at us, we'll be able to handle it.\nThe true | 无论他们向我们抛出什么，我们都能应付。\n这一切真正的决定因素——是你，和那把剑。\n小心行事，依靠你的同伴，你一定能赢。
batch_3.tsv	dialogue_0013.tsv	4975	char_howl	术语	The battle for Alestia has begun.	阿拉斯蒂亚之战已经打响。	阿莱斯蒂亚之战已经打响。	Alestia 的统一译名为“阿莱斯蒂亚”，不是“阿拉斯蒂亚”。	[旁白] Howl throws the dagger onto the ground. | 豪尔把匕首扔到地上。	[旁白] Damek lowers his sword, letting out a loud sigh.{w}\nHowl was right. A | 达梅克放下剑，长叹一声。{w}\n豪尔说得对。阿尔古斯为敌人效力——那他就是敌人。{w}\n而那座灯塔对我们的成功至关重要。它{i}绝不能{
batch_3.tsv	dialogue_0013.tsv	5073	char_ulric	术语	Yeah. Alestia wasn't always fully mapped out.\nThis is an artist's depiction of the draconic people.\nAt least, a depiction made in fright, during first contact.	知道。阿拉斯蒂亚并非一直都被完整描绘过。\n这是艺术家对龙族的描画。\n至少，是初次接触时出于恐惧所作的描画。	知道。阿莱斯蒂亚并非一直都有完整的地图。\n这是艺术家对龙族的描画。\n至少，是初次接触时出于恐惧所作的描画。	Alestia 的统一译名为“阿莱斯蒂亚”；mapped out 在此指未完整测绘。	[旁白] Ulric turns to face the large, intimidating statue. | 乌尔里克转头看向那座巨大而令人生畏的雕像。	[char_fortaime] First contact...? | 初次接触……？
batch_3.tsv	dialogue_0013.tsv	5083	char_fortaime	语气	Never forget that I love you, [firstname].\nEven if all else seems lost — that will never change.\nWhatever happens next, we'll handle it as a team.	永远别忘了，我爱你，[firstname]。\n就算一切都似乎失去了——这一点也永远不会变。\n接下来无论发生什么，我们都作为一支队伍去面对。	永远别忘了，我爱你，[firstname]。\n就算一切都似乎失去了——这一点也永远不会变。\n接下来无论发生什么，我们都一起面对。	临别告白中“作为一支队伍”过于战术化，不符合福泰姆轻快亲近的语气。	[旁白] I nod, and a moment later, we're locked in a tight embrace. | 我点头，片刻后，我们紧紧相拥。	[旁白] We kiss, perhaps, for the last time. | 我们亲吻，也许，这是最后一次。
batch_3.tsv	dialogue_0013.tsv	5193	char_jit_map251_1_0_130	误译	Be mindful of where you stand, Pro.\nIf this hammer is good at anything, it's crowd control.\nI don't want to hit you while I'm fighting off the enemy.	注意你站的位置，普洛。\n要说这锤子擅长什么，那就是控制人群。\n我不想在对付敌人时误伤到你。	注意你站的位置，普洛。\n要说这锤子擅长什么，那就是对付成群的敌人。\n我不想在对付敌人时误伤到你。	crowd control 在这里指大范围清敌，不是现代管理语境中的“控制人群”。	[旁白] A few moments pass, and The Honor Guard finally catches up with them.{ | 过了片刻，荣誉卫队终于追上了他们。{w}\n那群追兵似乎扩大了三倍。一切都在按他们的计划发展。{w}\n照这势头，君主那边应该几乎不会遇到什	[char_pro] Yeah — got it.\nI'll stay low, and out of your way. | 是啊——明白。\n我会压低身子，不挡你的路。
batch_3.tsv	dialogue_0014.tsv	5229	旁白	其他	It seems that they too, followed the rule of never accepting defeat.{w}\nSwords clash, as Pro is soon accosted from every possible angle.{w}\nA blade grazes his shoulder, and blood drips down his clothing.	看来它们也奉行着那绝不认输的准则。{w}\n兵剑刃相交，普洛很快遭到四面八方的围攻。{w}\n一柄剑擦过他的肩膀，鲜血顺着衣物滴落。	看来它们也奉行着那绝不认输的准则。{w}\n剑刃相交，普洛很快遭到四面八方的围攻。{w}\n一柄剑擦过他的肩膀，鲜血顺着衣物滴落。	“兵剑刃相交”含错字且不成词，应为“剑刃相交”。	[char_pro] Come on, give up already! It's over! | 来吧，快认输吧！结束了！	[旁白] This just urges him to fight on even further.{w}\nHowever, the horde n | 这反而激励他更加奋力厮杀。{w}\n然而，敌潮的数量似乎从未减少。{w}\n它们冲进宴会厅的速度，比他斩杀得还快。
batch_3.tsv	dialogue_0014.tsv	5383	旁白	语气	I let Ulric take the blade, and we continue passing it around.{w}\nIt isn't much longer until the horde is thinned out. We're winning...!{w}\nThis is true teamwork. Unlike anything I've seen in my entire life.	我让乌尔里克接过剑，我们继续轮流传递。{w}\n没过多久，敌潮便被削减殆尽。我们要赢了……！{w}\n这才是真正的团队协作。是我一生中从未见过的。	我让乌尔里克接过剑，我们继续轮流传递。{w}\n没过多久，敌潮便被削减殆尽。我们要赢了……！{w}\n这才是真正的并肩作战。这种默契，我一生中从未见过。	“团队协作”是现代职场式用词，不符合主角独白的奇幻战争语域。	[char_ulric] Over here...! | 这边……！	[char_sovy] [firstname], look out! | [firstname]，小心！
batch_3.tsv	dialogue_0014.tsv	5409	旁白	误译	I'll never forget this moment. Not for the rest of my life.{w}\nFighting side by side with another Exodus wielder...?{w}\nIf I were The Triumvirate, I'd be very, very afraid.	我永远不会忘记这一刻。余生都不会。{w}\n与另一位放逐之刃的持有者并肩作战……？{w}\n如果我是在三人执政团，我会非常、非常害怕。	我永远不会忘记这一刻。余生都不会。{w}\n与另一位放逐之刃的持有者并肩作战……？{w}\n我要是三人执政团，肯定会非常、非常害怕。	“If I were”是反事实假设，不是“如果我是在”。	[旁白] But that wasn't a luxury we were selling.\nAs the last suit of armor f | 但这份奢侈，我们可不卖。\n最后一架空甲倒下时，我们也跪倒在地。{w}\n剧烈喘息间，我们才意识到自己打了多么艰苦的一仗。	[旁白] It feels like an eternity before I can rise to my feet again.{w}\nBut  | 仿佛过了永恒那么久，我才重新站起身。{w}\n起身后，我收起剑，望向乌尔里克。{w}\n他正盯着楼梯。那是我们的下一个目标。
batch_3.tsv	dialogue_0014.tsv	5424	char_ulric	误译	Be careful, [firstname]. This could be tricky.\nRemember that Halin can wield the blade, just like us.\nIn fact, since he was made from it, his affinity could be stronger.	小心，[firstname]。这可能很棘手。\n记住哈林能像我们一样驾驭那把剑。\n事实上，既然他是剑所造，他的亲和力或许更强。	小心，[firstname]。这可能很棘手。\n记住哈林能像我们一样驾驭那把剑。\n事实上，既然他是剑所造，他与剑的契合度或许更强。	这里的 affinity 指与剑的契合度，不是人际意义的“亲和力”。	[char_ulric] Yeah — make sure to be on your guard.\nWe killed his suits, so he's pr | 是啊——务必保持警惕。\n我们杀了他的空甲，他大概怕了。\n他要是耍什么诡计，我一点也不意外。	[char_ulric] He's backed into a corner, so we don't know how he'll react.\nI wouldn | 他被逼入绝境，我们不知道他会作何反应。\n他要是设下什么陷阱，我一点也不意外。\n走投无路的人，在最后时刻总会拼命。
batch_3.tsv	dialogue_0014.tsv	5446	char_halin	语气	There's something different about you, Sovy.\nWhere was this passion when {i}we{/i} worked together...?	你有些不一样了，索维。\n{i}我们{/i}共事的时候，这份热情去哪了……？	你有些不一样了，索维。\n{i}我们{/i}并肩行动的时候，这份热情去哪了……？	“共事”偏现代职场语境，改用符合两人旧日并肩效力的表达。	[旁白] Sovy lunges forward, and pushes me to the ground.{w}\nPhasing the blad | 索维冲上前，把我推倒在地。{w}\n他将剑相位转移到手中，挡下哈林接下来的攻击。{w}\n我躺在地上流血，看着索维与他昔日的学徒交手。	[旁白] Swords continue to clash, and Halin is right.{w}\nI've never seen Sovy | 剑继续相交，哈林说得没错。{w}\n我从未见过索维如此决绝。
batch_3.tsv	dialogue_0014.tsv	5476	旁白	其他	Halin laughs, and they continue to fight.{w}\nSwords clash, but Ulric clearly has the edge.	哈林大笑，两人继续交手。{w}\n刀剑刃相交，但乌尔里克明显占了上风。	哈林大笑，两人继续交手。{w}\n剑刃相交，但乌尔里克明显占了上风。	“刀剑刃相交”含错字且不成词，应为“剑刃相交”。	[char_ulric] Defected? No. I simply chose the right path.\nAnd you can do that too, | 叛离？不。我只是选择了正确的路。\n你也可以这么做，哈林。还不算晚。	[char_ulric] There's no passion in serving The Triumvirate.\nThey take everything a | 效忠三人执政团毫无热情可言。\n他们会夺走一切。他们榨干你。\n更糟的是，他们什么回报都不给。
batch_3.tsv	dialogue_0014.tsv	5486	char_halin	其他	No. I {i}want{/i} to serve them! \nYou run away, while I stand tall, and remain in line.\nHow can you say you're not weak, after what you've done?	不。我{i}想{/i}效忠他们！\n你只会逃跑，而我都挺直腰杆，恪守本分。\n做了那些事之后，你怎么还敢说自己不软弱？	不。我{i}想{/i}效忠他们！\n你只会逃跑，而我仍挺直腰杆，恪守本分。\n做了那些事之后，你怎么还敢说自己不软弱？	“而我都挺直腰杆”中的“都”造成语义和语法错误。	[旁白] They continue to fight, as they argue with one another. | 他们一边争论，一边继续交手。	[旁白] Ulric lowers his sword, signalling his intent to stop fighting. | 乌尔里克放下剑，示意自己无意再战。
batch_3.tsv	dialogue_0014.tsv	5500	旁白	术语	Even if it was born from denial, we couldn't afford it right now.{w}\nWe needed to get to The Triumvirate's chambers, and end this.{w}\nI phase the blade back into my hand, and slowly stand up.	即便这念头源于自欺，我们此刻也承担不起。{w}\n我们必须抵达三人执政团的房间，了结这一切。{w}\n我将剑相位转移回手中，缓缓站起。	即便这念头源于自欺，我们此刻也承担不起。{w}\n我们必须抵达三人执政团的议事厅，了结这一切。{w}\n我将剑相位转移回手中，缓缓站起。	同篇将 The Triumvirate's chambers 统一译为“议事厅”，不应改成“房间”。	[旁白] I have to do it. Killing Halin was the only right choice in this situa | 我必须动手。在这种情况下，杀掉哈林是唯一正确的选择。{w}\n若他拥有自由意志，便能随心所欲地行动。我知道那意味着什么。{w}\n那只会坐实	[旁白] I tell Sovy to let go, and move back. He obeys without hesitation.{w}\ | 我叫索维松手后退。他毫不迟疑地照做。{w}\n哈林跪在地上，哭喊着，朝我的方向望来。{w}\n我不会对他施以仁慈，因为他不配。
batch_3.tsv	dialogue_0015.tsv	5621	旁白	术语	A second after, Sovy phases the blade into his hands.{w}\nThen, much to my regret, he slices through my arm with ease.{w}\nI scream, and then from the elbow down, almost nothing remains.	一秒之后，索维将剑实体化到手中。{w}\n紧接着，令我悔恨不已的是，他轻而易举地斩断了我的手臂。{w}\n我放声尖叫，而从手肘往下，几乎什么也没剩下。	一秒之后，索维将剑相位转移到手中。{w}\n紧接着，令我悔恨不已的是，他轻而易举地斩断了我的手臂。{w}\n我放声尖叫，而从手肘往下，几乎什么也没剩下。	phase the blade 在本批次既定译法为“相位转移”，不应另作“实体化”。	[char_sovy] No...! | 不……！	[char_sovy] Then take {i}this{/i} as an offering...!\nThat arm will never again be | 那就把{i}这个{/i}当作献礼吧……！\n那条手臂再也不可能被用来对付你们了。\n在我们所有人面前，[firstname]已毫无防备。
batch_3.tsv	dialogue_0015.tsv	5678	旁白	术语	A second after, Ulric phases the blade into his hands.{w}\nThen, much to my regret, he slices through my arm with ease.{w}\nI scream, and then from the elbow down, almost nothing remains.	一秒之后，乌尔里克将剑实体化到手中。{w}\n紧接着，令我悔恨不已的是，他轻而易举地斩断了我的手臂。{w}\n我放声尖叫，而从手肘往下，几乎什么也没剩下。	一秒之后，乌尔里克将剑相位转移到手中。{w}\n紧接着，令我悔恨不已的是，他轻而易举地斩断了我的手臂。{w}\n我放声尖叫，而从手肘往下，几乎什么也没剩下。	phase the blade 在本批次既定译法为“相位转移”，不应另作“实体化”。	[char_ulric] Then let me fix that. | 那就让我来解决这个问题。	[char_ulric] There. Look how easy that was.\nNever again can that blade be used aga | 好了。看，多简单。\n那把剑再也不可能被用来对付你们了。\n现在照我说的做。投降，然后离开这个世界。
batch_3.tsv	dialogue_0015.tsv	5726	char_the_triumvirate	误译	That is a tall order, Monarch.	这可是个过分的要求，君主。	这要求可不小，君主。	“tall order”指要求艰巨，不是带有贬义的“过分要求”。	[旁白] Another reason...? What could it be?{w}\nI know I was told not to let  | 另有原因……？会是什么呢？{w}\n我知道有人告诫过我别让他们开口，可我很好奇。{w}\n我摆出中立的姿态，让他们解释清楚。	[旁白] I notice they use my proper title.{w}\nIn this moment, there was no ro | 我注意到他们用了我的正式头衔。{w}\n这一刻，再没有任何怀疑的余地。{w}\n豪尔告诉我们的关于三人执政团的一切都是真的。
batch_3.tsv	dialogue_0015.tsv	5775	旁白	术语	I'm sick of hearing it. I'm sick of this weak justification.{w}\nI phase the blade into my hand, and thrust it through their chest.{w}\nBut like I was warned before, the idol responds to my aggression.	我听腻了。我听腻了这种苍白的辩解。{w}\n我将剑实体化到手中，刺穿了他们的胸膛。{w}\n但正如先前有人警告我的那样，那尊灵像回应了我的敌意。	我听腻了。我听腻了这种苍白的辩解。{w}\n我将剑相位转移到手中，刺穿了他们的胸膛。{w}\n但正如先前有人警告我的那样，那尊灵像回应了我的敌意。	phase the blade 在本批次既定译法为“相位转移”，不应另作“实体化”。	[char_the_triumvirate] But know that we are not your enemy.\nAll we've done, we've done to— | 但你要知道，我们并非你的敌人。\n我们所做的一切，都是为了——	[旁白] The room is engulfed in a blinding darkness.{w}\nIt must be the idol.  | 房间被一片令人目眩的黑暗吞没。{w}\n一定是那尊灵像。那把剑通常会迸发出{i}白色{/i}的光芒。{w}\n我感到周围涌来巨大的热浪，听见
batch_3.tsv	dialogue_0015.tsv	5857	旁白	语气	Almost operating as a team, you ensured that only the true history was written down.\nAs the victor, you could've told the people anything — but you were a just and honest ruler.\nA ceremony was held in Mazeo to pledge your love to one another, until the end of your days.	你们几乎像一支队伍一样运作，确保只有真实的历史被记录下来。\n作为胜利者，你本可以随意告知民众任何事——但你是一位公正诚实的统治者。\n一场仪式在马泽奥举行，你们彼此立誓相爱，直到生命尽头。	你们几乎如同一人般配合，确保只有真实的历史被记录下来。\n作为胜利者，你本可以随意告知民众任何事——但你是一位公正诚实的统治者。\n一场仪式在马泽奥举行，你们彼此立誓相爱，直到生命尽头。	“像一支队伍一样运作”过于现代职场化，与史诗尾声语体不符。	[旁白] He knew that his writings could influence the people's perception in a | 他知道自己的文字能在很大程度上影响民众的看法。\n为此——他不断给你写信——以确保得到你的认可。\n然而，他写信的真正原因，是想让你们之间的	[旁白] He knew that his writings could influence the people's perception in a | 他知道自己的文字能在很大程度上影响民众的看法。\n为此——他不断给你写信——以确保得到你的认可。\n这些经君主认可的文字，在阿莱斯蒂亚人眼中
batch_3.tsv	dialogue_0015.tsv	5859	旁白	语气	Almost operating as a team, you ensured that only the true history was written down.\nAs the victor, you could've told the people anything — but you were a just and honest ruler.\nYou helped Pro achieve his dream of using information for good. He never harmed with it again.	你们几乎像一支队伍一样运作，确保只有真实的历史被记录下来。\n作为胜利者，你本可以随意告知民众任何事——但你是一位公正诚实的统治者。\n你帮助普洛实现了他用信息行善的梦想。他再未用它伤人。	你们几乎如同一人般配合，确保只有真实的历史被记录下来。\n作为胜利者，你本可以随意告知民众任何事——但你是一位公正诚实的统治者。\n你帮助普洛实现了他用信息行善的梦想。他再未用它伤人。	“像一支队伍一样运作”过于现代职场化，与史诗尾声语体不符。	[旁白] He knew that his writings could influence the people's perception in a | 他知道自己的文字能在很大程度上影响民众的看法。\n为此——他不断给你写信——以确保得到你的认可。\n这些经君主认可的文字，在阿莱斯蒂亚人眼中	[旁白] He wrote about you and your sacrifice in vivid detail; along with your | 他生动细致地写下了你与你的牺牲，还有你们共有的爱。\n在他看来，把你当作一个“人”而非英雄来写，更为重要。\n传奇应当扎根于现实。至少，他选
batch_3.tsv	dialogue_0015.tsv	5882	旁白	误译	Fortaime chose to settle in Mazeo after the war.\nHelping the nation's people adjust to the new world was his goal.\nHowever, this was to make up for the truth of learning that his parents were Pirates.	福泰姆选择在战后定居马泽奥。\n帮助这个国家的人民适应新世界，是他的目标。\n而这，是为了弥补他得知自己父母曾是海盗这一真相。	福泰姆选择在战后定居马泽奥。\n帮助这个国家的人民适应新世界，是他的目标。\n而他这样做，也是因为得知自己的父母曾是海盗，想为此作出弥补。	原译把“得知真相”误写成需要弥补的对象，因果关系颠倒。	[旁白] Pro's identity as the mole within The Rebellion never came to light.\n | 普洛作为反抗军内部间谍的身份从未曝光。\n然而，即便曝光了——他所做的已足以弥补他的过往。\n许多人渴望像他那样写作，却无人能达到如此造诣。	[旁白] Undoing the damage they had done to the nation was his top priority.\n | 弥补他们给这个国家造成的伤害，是他的首要之务。\n不久之后，马泽奥的创伤便愈合了。人人都安全而幸福。\n占领时期与三人执政团暴政的传说，很快
batch_3.tsv	dialogue_0015.tsv	5911	旁白	语气	During your reign, you had never known a more loyal ally.\nThough his past was with The Inquisition, his future was with The Monarchy.\nYou were seen as the best of friends — and that made working together a joy.	在你统治期间，你从未有过比他更忠诚的盟友。\n尽管他的过去属于审判庭，他的未来却属于王室。\n你们被视为最好的朋友——这也让共事成为一种喜悦。	在你统治期间，你从未有过比他更忠诚的盟友。\n尽管他的过去属于审判庭，他的未来却属于王室。\n你们被视为最好的朋友——这也让你们一同治理成为一种喜悦。	“共事”偏现代职场语境，改为符合王室执政背景的“一同治理”。	[旁白] With Ulric's curse of immortality still in effect, he outlived every s | 由于乌尔里克的永生诅咒依然存在，他比所有幸存者都活得更久。\n他最终接受了这一点，并开始享受自己永恒的生命。\n至少如今，这个世界已是个美丽	[旁白] It was his job to help the world adjust to your leadership.\nHe spread | 帮助世界适应你的领导是他的职责。\n他传播三人执政团覆灭的消息，帮助人们理解这一切。\n这项任务既艰巨又漫长——但他确实完成了它。
batch_4.tsv	dialogue_0016.tsv	6002	旁白	术语	The Created Seers seemed to be affected by your attack on the dark idol.\nAs if offering their strength when needed the most, the energy within them vanished.\nWhen the fog of war settled, they were no longer plagued with visions. They had healthy minds.	你袭击黑暗灵像的举动，似乎影响到了那些被创造出的先知。\n仿佛在最需要的时刻献出了自己的力量，他们体内的能量就此消散。\n当战火平息，他们不再被幻象折磨，心智恢复了健全。	你袭击黑暗灵像的举动，似乎影响到了那些人造先知。\n仿佛在最需要的时刻献出了自己的力量，他们体内的能量就此消散。\n当战火平息，他们不再被幻象折磨，心智恢复了健全。	Created Seers 在本批次既定译名为“人造先知”。	[旁白] After a long and bloody series of matches, a new leader was appointed. | 经过漫长而血腥的连番较量，新的领袖被推选出来。\n阿拉林西亚依旧如故——始终掌握在强者手中。\n这种局面会一直持续下去，直到有人鼓起勇气揭竿	[旁白] A small ceremony was held to mourn and honor the sacrifice of your Cre | 人们举行了一场小小的仪式，悼念并致敬你那些人造先知的牺牲。\n尽管他们在阿莱斯蒂亚的生命很短暂——但他们的成就已足以被誉为英雄。\n但许多人
batch_4.tsv	dialogue_0016.tsv	6003	旁白	术语	A small ceremony was held to mourn and honor the sacrifice of your Created Seers.\nThough their life on Alestia was short — they had completed enough to be known as heroes.\nBut many wondered what would've happened if they survived. Could their minds have been saved?	人们举行了一场小小的仪式，悼念并致敬你那些被创造出的先知的牺牲。\n尽管他们在阿莱斯蒂亚的生命很短暂——但他们的成就已足以被誉为英雄。\n但许多人不禁想，若他们活下来会怎样。他们的心智还能被拯救吗？	人们举行了一场小小的仪式，悼念并致敬你那些人造先知的牺牲。\n尽管他们在阿莱斯蒂亚的生命很短暂——但他们的成就已足以被誉为英雄。\n但许多人不禁想，若他们活下来会怎样。他们的心智还能被拯救吗？	Created Seers 在本批次既定译名为“人造先知”。	[旁白] The Created Seers seemed to be affected by your attack on the dark ido | 你袭击黑暗灵像的举动，似乎影响到了那些人造先知。\n仿佛在最需要的时刻献出了自己的力量，他们体内的能量就此消散。\n当战火平息，他们不再被幻	[旁白] After the chaos dwindled, Nada returned to Mazeo to retrieve her end o | 混乱平息后，娜达回到马泽奥，索取她应得的那份报酬。\n每一名海盗的罪行都被赦免，他们追随娜达，投奔了她那崭新的强国。\n随着贸易禁令解除，她
batch_4.tsv	dialogue_0016.tsv	6005	旁白	语气	The Mazean Shipping Company simply couldn't compete with such skilled individuals.\nThe discretion and speed associated with working a life of crime gave her team the advantage.\nShe eventually amassed enough to purchase the company, and she dominated the industry.	马泽奥航运公司根本无法与这些身怀绝技的人抗衡。\n游走于犯罪生涯所练就的谨慎与迅捷，让她的团队占尽优势。\n她最终积攒下足够的财富买下了这家公司，从此独霸整个行业。	马泽奥航运公司根本无法与这些身怀绝技的人抗衡。\n游走于犯罪生涯所练就的谨慎与迅捷，让她的人马占尽优势。\n她最终积攒下足够的财富买下了这家公司，从此独霸整个行业。	独白中的“团队”过于职场化，改为更适合海盗语境的“人马”。	[旁白] After the chaos dwindled, Nada returned to Mazeo to retrieve her end o | 混乱平息后，娜达回到马泽奥，索取她应得的那份报酬。\n每一名海盗的罪行都被赦免，他们追随娜达，投奔了她那崭新的强国。\n随着贸易禁令解除，她	[旁白] Though Nada perished in Balteus, her end of the treaty was posthumousl | 尽管娜达殒命于巴尔泰乌斯，但她那部分条约仍被追认履行。\n一个崭新的国家就此诞生，将马泽奥一分为二。那是一个海盗得以自由生活的国度。\n他们
batch_4.tsv	dialogue_0016.tsv	6073	旁白	语气	I tell her that I'm not planning on going anywhere.{w}\nWhatever comes next, we'd handle it as a team.{w}\nWe didn't come this far just to perish in the end.	我告诉她，我没打算去任何地方。{w}\n无论接下来发生什么，我们都会作为一个团队去面对。{w}\n我们走了这么远，不是为了在最后殒命。	我告诉她，我没打算去任何地方。{w}\n无论接下来发生什么，我们都会共同面对。{w}\n我们走了这么远，不是为了在最后殒命。	独白中的“团队”过于职场化，改为自然的“共同面对”。	[char_valessa] Especially since I'm expected to lead Valinorth after all of this is o | 尤其是等这一切结束后，我还得去领导瓦利诺斯。\n没有你和福泰姆，我只会觉得在这世上迷失了方向。\n你给我力量；而我正需要这份力量。	[char_valessa] I want to help fix Mazeo, but I don't want to do it alone.\nIt's up to | 我想帮忙修复马泽奥，但我不想独自去做。\n弥补我们父辈造成的伤害，是我们义不容辞的责任。\n有你在王座上，我想我们能轻轻松松做到。
batch_4.tsv	dialogue_0016.tsv	6161	旁白	语气	We're in this together. We don't run away when things get difficult.{w}\nWe'll stand strong, and handle it as a team. That's what I truly want.	我们同在一条船上。遇到困难，我们不会逃避。{w}\n我们会坚强地并肩而立，作为一个团队去应对。这才是真正想要的。	我们同在一条船上。遇到困难，我们不会逃避。{w}\n我们会坚强地并肩而立，共同应对。这才是我真正想要的。	“团队”过于职场化，同时补回原文中的“我”。	[旁白] I smile, and return the hug. So what if Pro's enemies would give us he | 我微笑着回抱住他。普洛的仇敌会让我们日子难过又怎样？{w}\n如果这个世界的统治者都扳不倒我们——还有谁能？{w}\n我知道他正惊慌失措，便	[char_pro] Together...? | 一起……？
batch_4.tsv	dialogue_0016.tsv	6183	旁白	误译	So I pardon him right here and now.{w}\nOn the dawn of our final battle, he'd become a new man.{w}\nNo longer a swindler, but a trusted servant of The New Monarchy.	所以我此刻就赦免他。{w}\n在决战的前夜，他变成了一个全新的人。{w}\n不再是骗子，而是新王权值得信赖的臣仆。	所以我此刻就赦免他。{w}\n在决战黎明到来之际，他已成为一个全新的人。{w}\n不再是骗子，而是新王权值得信赖的臣仆。	“dawn”指黎明，不是前夜。	[旁白] That would be easy. He's already done a lot to help us.{w}\nHe was res | 那很容易。他已经帮了我们很多。{w}\n毫无疑问，阿拉林西亚的联盟正是他促成的。{w}\n他已尽力赎罪，在我看来，他成功了。	[char_pro] [firstname]...? | [firstname]……？
batch_4.tsv	dialogue_0016.tsv	6195	char_ulric	其他	That's the thing, though. Forgiveness shouldn't come so easy.\nWhen you're on the throne, you'll need to learn how to punish.\nI lied to you. I hurt you. I shouldn't deserve your forgiveness.	可问题就在这儿。原谅不该来得这么轻易。\n等你坐上王座，你得学会如何惩罚。\n我对你撒了谎。我伤害了你。我不该配得上你的原谅。	可问题就在这儿。原谅不该来得这么轻易。\n等你坐上王座，你得学会如何惩罚。\n我对你撒了谎。我伤害了你。我不配得到你的原谅。	“不该配得上”是否定错误，语义正好相反。	[旁白] I can tell what he's after, so I tell him that he's forgiven.{w}\nTo b | 我明白他想要什么，便告诉他，我原谅他了。{w}\n说实话，这是我此刻最不放在心上的一件事。{w}\n如果它为我们换来了巨龙同盟，那就值得。	[旁白] Then why did he come here asking for it...?{w}\nI tell him that he des | 那他又为什么来这里求它……？{w}\n我告诉他，他值得原谅，因为他并无恶意。{w}\n他所做的一切都是出于必要。是为了推进我们的事业，赢得胜
batch_4.tsv	dialogue_0016.tsv	6208	char_ulric	其他	Thank you, [firstname].\nI knew you'd be strong enough to make the tough decisions.\nSince we met, I've seen nothing but a capable ruler in you.	谢谢你，[firstname]。\n我就知道你有足够坚强，能做出艰难的抉择。\n从我们相识起，我在你身上看到的只有一位能干的统治者。	谢谢你，[firstname]。\n我就知道你足够坚强，能做出艰难的抉择。\n从我们相识起，我在你身上看到的只有一位能干的统治者。	“有足够坚强”缺少搭配，补全为“足够坚强”。	[旁白] I tell him I'll do it. I'll leave him behind, only if it's necessary.{ | 我告诉他我会照做。只会在必要的时候丢下他。{w}\n我确实有我的目标——但其中也包括确保同伴们活下来。{w}\n这个承诺似乎让他足够满意，于	[char_ulric] And that was before the attack on the Rebel HQ.\nRemember back in Vali | 而那还是在袭击反抗军总部之前。\n还记得在瓦利诺斯，我们在佩雷格里诺的时候吗？\n你领导这个世界的时间，比你想象的要久得多。
batch_4.tsv	dialogue_0016.tsv	6255	char_damek	其他	If you keep it, you risk relying on its power.\nAnd I don't want to see what that does to you, [firstname].\nNot if it's even {i}anything{/i} close to what it's done to our enemies.	如果你留着它，就得承担依赖它力量的风险。\n我不想看到那会把你变成什么样，[firstname]。\n尤其是，如果它对我们敌人所做的事哪怕{i}有一丝{/i}会重演在你身上。	如果你留着它，就得承担依赖它力量的风险。\n我不想看到那会把你变成什么样，[firstname]。\n尤其是，如果那股力量会{i}像影响我们的敌人那样{/i}影响你。	原句结尾残缺且“重演”搭配不当，改为完整条件句。	[char_damek] But what foe would that be? And what was their goal...?\nWhat I'm tryi | 但那会是什么样的敌人？他们的目标又是什么……？\n我想说的是——我认为这把剑应当被毁掉。\n一旦达成目标，它就再无用武之地了——对吧？	[char_damek] I don't see any reason to keep it around after the war is over.\nSo te | 我想不出战事结束后还有什么理由留着它。\n所以告诉我——若你有机会毁掉它，你会吗？
batch_4.tsv	dialogue_0016.tsv	6295	char_howl	语气	It is not true, however. His mind has been twisted beyond repair.\nBut many soldiers are starting to doubt. What if he is telling the truth?\nCould they save their lives by switching sides in the final moments?	然而，这不是真的。他的心智已被扭曲得无法修复。\n但许多士兵开始动摇了。万一他说的是真的呢？\n他们能否在最后关头倒戈，从而保住自己的性命？	然而，这不是真的。他的心智已被扭曲得无法修复。\n但许多士兵开始动摇了。万一他说的是真的呢？\n他们能否在最后关头倒戈，以此保住自己的性命？	对话层禁用文言连接词“从而”。	[char_howl] He says that we are the true enemy. The Monarchy.\nHe says that if you | 他说我们才是真正的敌人。王权才是。\n他说，如果你知道我们族群的真相，你就会逃走。\n你将不再为我们而战——因为我们会危及无辜的世界。	[旁白] That is unacceptable. We couldn't afford any turncoats. | 这绝不可接受。我们承受不起任何叛徒。
batch_4.tsv	dialogue_0016.tsv	6316	旁白	误译	I don't know how to respond to what he's asking of me.{w}\nHe wants me to commit mass genocide against The Monarchy?{w}\nThis is all happening so fast, I'm unsure of how I should respond.	我不知道该如何回应他对我的请求。{w}\n他想让我对王权进行一场大屠杀？{w}\n这一切发生得太快，我不确定该如何回应。	我不知道该如何回应他对我的请求。{w}\n他想让我将王权一族彻底灭绝？{w}\n这一切发生得太快，我不确定该如何回应。	“mass genocide”是种族灭绝，不只是“大屠杀”。	[char_howl] You must absorb these souls, and destroy the books.\nOnly then, will T | 你必须吸取这些灵魂，并毁掉这些书。\n唯有如此，王权才会真正从历史中被抹去。\n我们的心智会因此变得更好——这世界本身也一样。	[char_howl] You would not be killing us. We have long since been dead.\nIt would b | 你不会是在杀我们。我们早已死去。\n这会是施予一群受压迫者的仁慈之举。\n我们再也无法活下去了。是三人执政团夺走了我们这份权利。
batch_4.tsv	dialogue_0016.tsv	6344	char_sovy	误译	And it seems like neither group cared about what cost they paid.\nBut it's impossible to pinpoint the moment The Monarchy was imprisoned.\nMany of these books are dated with a system I'm unable to decipher.	而且看来，两个群体都不在乎自己付出了什么代价。\n但无法确定王权究竟是在何时被囚禁的。\n这些书里有许多的日期标示方式，我无法解读。	而且看来，两个群体都不在乎自己付出了什么代价。\n但无法确定王权究竟是在何时被囚禁的。\n这些书大多采用一种我无法解读的纪年方式。	原文是“书采用某种纪年方式”，不是书里存在许多日期标示方式。	[char_sovy] You know, I've been reading about The Monarchy.\nThey seem to be more  | 你知道吗，我一直在读关于王权的书。\n他们似乎和三人执政团比我们以为的更相似。\n三人执政团要求完美。王权追寻完美的未来。	[char_sovy] So how advanced was The Monarchy when The Triumvirate took action?\nWe | 那么，当三人执政团出手时，王权有多先进？\n他们是在扼杀一个真实的威胁，还是潜在的威胁……？\n前者比后者更说得过去，但两者都不公正。
batch_4.tsv	dialogue_0016.tsv	6384	旁白	误译	We approach the bar. I assume Ulric is going to ask after Vivien.{w}\nI can't even see Drakeor. I look around and notice a bunch of eyes on us.{w}\nPart of me starts to wonder if this {i}was{/i} a trap. Something feels odd.	我们走近吧台。我以为乌尔里克会去打听薇薇安。{w}\n我连德雷库的影子都没看到。我环顾四周，注意到许多目光落在我们身上。{w}\n我内心开始怀疑，这{i}是不是{/i}个陷阱。总觉得有些不对劲。	我们走近吧台。我以为乌尔里克会去打听薇薇安。{w}\n我连德雷克的人影都没看到。我环顾四周，注意到许多目光落在我们身上。{w}\n我内心开始怀疑，这{i}是不是{/i}个陷阱。总觉得有些不对劲。	此处 source 是 Drakeor，应译“德雷克”，原译误成德雷库。	[旁白] We all nod to one another, and venture deeper into the tavern.{w}\nIt' | 我们互相点了点头，往酒馆深处走去。{w}\n这是个敞开的地方，没有门。我能直接看到外面的集市。{w}\n这让这里很吵闹——几乎吵得让人受不了	[旁白] A man sneaks up from behind us, and stands between me and Ulric.{w}\nH | 一个男人从我们身后悄悄靠近，站到我和乌尔里克之间。{w}\n他手里端着一杯酒，重重地把它砸在桌上。{w}\n有些酒溅到了吧台上。这人一定是喝
batch_4.tsv	dialogue_0016.tsv	6396	旁白	术语	Before he can continue, Drakeor sneaks up behind us.	还没等他说下去，德雷库从我们身后悄悄出现。	还没等他说下去，德雷克从我们身后悄悄出现。	Drakeor 的既定译名是“德雷克”。	[char_ulric] Now, I guess I'll start— | 那么，我想我该开始——	[char_jit_map179_1_0_210] Your manners could use some work, Ulric. | 你的礼貌还有待改进，乌尔里克。
batch_4.tsv	dialogue_0017.tsv	6444	char_jit_map179_1_0_78	其他	I'll be making my move right after he addresses his people.\nMake sure you're there. That happens in the throne room.\nJust, don't make the wrong choice, [firstname]. Go with me.	等他一向民众致辞，我就会动手。\n你们务必到场。那会在王座厅举行。\n只是，别做错选择，[firstname]。站到我这边来。	等他向民众致辞后，我就会动手。\n你们务必到场。那会在王座厅举行。\n只是，别做错选择，[firstname]。站到我这边来。	“一向民众致辞”是错字，应为“向民众致辞”。	[char_jit_map179_1_0_78] He's probably expecting you.\nIf Drakeor scoped you out, I'm betting W | 他多半在等着你们。\n既然德雷克盯上了你们，我猜韦斯蒂也一样。\n那是德雷库的得力助手。出去之后小心点。	[旁白] He smiles before walking away with Drakeor in tow.{w}\nSo he needed us | 他笑了笑，带着德雷克转身离去。{w}\n所以他需要我们，就像我们需要他一样……？{w}\n我想，这一次，这对我们有利。
batch_4.tsv	dialogue_0017.tsv	6453	旁白	语气	The tavern is open, and I can see back outside.{w}\nBeing connected to the marketplace is a genius idea.{w}\nPeople enter and leave like it's a normal part of their day.	酒馆敞开着，我能看到外面的景象。{w}\n和集市连在一起，这主意真是绝了。{w}\n人们进进出出，就像这是日常生活的一部分。	酒馆敞开着，我能看到外面的景象。{w}\n和集市连在一起，这主意真是太妙了。{w}\n人们进进出出，就像这是日常生活的一部分。	独白中出现禁用的网络口语“绝了”。	[旁白] There are paintings here. I'm not sure who they're supposed to be.{w}\ | 这里有画。我说不准画的是谁。{w}\n仔细一看，其中一幅长得像乌尔里克——传说里的那个乌尔里克。{w}\n德雷库就不介意自己敌人的画像公然挂	[char_valessa] So we might have to fight Ulric?\nThat's pretty scary to think about,  | 所以我们可能得和乌尔里克交手？\n想想就挺可怕的，普洛。
batch_4.tsv	dialogue_0017.tsv	6606	旁白	术语	Ulric's loyalty scene will be available when you return to the mainland.{w}\nThe game will notify you when the loyalty scenes have been unlocked.{w}\nWhen they have been — you can view them by going to the War Table.	等你回到大陆，乌尔里克的忠诚剧情就会解锁。{w}\n忠诚剧情解锁时，游戏会通知你。{w}\n解锁之后——你可以前往战争桌查看。	等你回到大陆，乌尔里克的忠诚剧情就会解锁。{w}\n忠诚剧情解锁时，游戏会通知你。{w}\n解锁之后——你可以前往作战桌查看。	War Table 的统一译名为“作战桌”。	[char_ulric] My treat, remember?\nNow let's get going to that ball.\nTonight, we ch | 说了我请客，记得吗？\n现在，我们去舞会吧。\n今晚，我们要改写历史。	[旁白] You allied yourself with Vivien in the Coliseum. | 你在竞技场与薇薇安结盟。
batch_4.tsv	dialogue_0017.tsv	6617	char_damek	语气	Right, right. Of course.\nSo what, do we just march right in?\nI don't see any guards, or security.	对，对。当然。\n那怎么办，我们就这么直接走进去？\n我没看到任何卫兵，也没看到安保。	对，对。当然。\n那怎么办，我们就这么直接走进去？\n我没看到任何卫兵，也没看到守卫。	“安保”过于现代，奇幻语境改用“守卫”。	[char_ulric] Well, he has a large army as well.\nLarger than Vivien's — but don't l | 这个嘛，他还有一支庞大的军队。\n比薇薇安的还多——但别让这动摇我们。\n我想你看到的东西已经够多，足以明白这地方需要改变了。	[旁白] I look around, and he's right. I just see lots of partygoers.{w}\nThey | 我环顾四周，他说得没错。我只看到一大堆参加宴会的人。{w}\n他们都在小口喝着某种酒，神情安逸。{w}\n我猜，这也算是一种让民众不再反抗的
batch_4.tsv	dialogue_0017.tsv	6619	旁白	语气	I notice a large man exit the castle gates, and slowly approach us.{w}\nHe's not carrying any weapons, so I doubt he's some sort of security.{w}\nHe looks intimidating, of course, but that's about it. Is this Westy...?	我注意到一个高大的男人从城堡大门走出来，缓缓朝我们靠近。{w}\n他身上没带武器，所以我不觉得他是安保人员。{w}\n当然，他看起来很有威慑力，但也仅此而已。这就是韦斯蒂吗……？	我注意到一个高大的男人从城堡大门走出来，缓缓朝我们靠近。{w}\n他身上没带武器，所以我不觉得他是守卫。{w}\n当然，他看起来很有威慑力，但也仅此而已。这就是韦斯蒂吗……？	“安保人员”过于现代，改为“守卫”。	[旁白] I look around, and he's right. I just see lots of partygoers.{w}\nThey | 我环顾四周，他说得没错。我只看到一大堆参加宴会的人。{w}\n他们都在小口喝着某种酒，神情安逸。{w}\n我猜，这也算是一种让民众不再反抗的	[char_ulric] I'll take care of this, just like before.\nWe can't risk slipping up i | 这里交给我，和之前一样。\n在这座城堡里，我们可不能出差错。\n一步走错，所有人都会追杀我们。
batch_4.tsv	dialogue_0017.tsv	6633	char_ulric	语气	You might want to work on your public relations skills.	你也许该练练你的公关技巧。	你也许该练练待人接物的本事。	“公关技巧”是现代职场词，改为口语化表达。	[char_jit_map184_1_0_158] Don't let it get to your head, Ulric.\nYou're just as disposable to hi | 别太得意，乌尔里克。\n在他眼里，你和薇薇安一样可有可无。\n只不过你恰好{i}既{/i}可有可无又够强。	[char_jit_map184_1_0_158] Look at this ball, and then say that to me again.\nThat's right, you c | 看看这场舞会，再把那话对我说一遍。\n没错，你说不出来。现在走吧。\n你们准备好了就到门里找我。
batch_4.tsv	dialogue_0017.tsv	6648	char_ulric	语气	Security, normally.\nBut there isn't any during the ball.\nAnybody is just free to walk inside.	平时是安保用的。\n但舞会期间这里没有安保。\n任何人都可以随便走进去。	平时是有守卫的。\n但舞会期间这里没有守卫。\n任何人都可以随便走进去。	“安保”过于现代，改用“守卫”。	[char_valessa] What's this place for...? | 这地方是做什么用的……？	[char_valessa] Oh, okay. Is security normally heavy? | 哦，这样。平时守卫很严吗？
batch_4.tsv	dialogue_0017.tsv	6649	char_valessa	语气	Oh, okay. Is security normally heavy?	哦，这样。平时安保很严吗？	哦，这样。平时守卫很严吗？	“安保”过于现代，改用“守卫”。	[char_ulric] Security, normally.\nBut there isn't any during the ball.\nAnybody is  | 平时是有守卫的。\n但舞会期间这里没有守卫。\n任何人都可以随便走进去。	[char_ulric] Yeah, they need to fend off assassins.\nAs a ruler here, you're consta | 是啊，他们得防刺客。\n在这里当统治者，你就是个永远的目标。\n我无法想象活在那种持续的恐惧中。
batch_4.tsv	dialogue_0017.tsv	6657	char_ulric	术语	And it's not a change they need to respect.\nNo matter what, Vivien is still in charge.\nHe'd likely merge with The New Monarchy.	而且这种改变也不需要他们认可。\n无论如何，掌权的还是薇薇安。\n他很可能会与新君主国合并。	而且这种改变也不需要他们认可。\n无论如何，掌权的还是薇薇安。\n他很可能会与新王权合并。	The New Monarchy 的统一译名为“新王权”。	[char_ulric] They'd probably want to fight him, for a while.\nBut a ruler can alway | 他们大概会想和他打，持续一阵子。\n但统治者随时可以拒绝挑战。\n通常他们都傲慢得很，所以不会拒绝。	[char_ulric] And at that point, there's nothing they can do.\nHistory is already ma | 到那时候，他们就无能为力了。\n历史已成定局，条约也已签署。\n前提是，[firstname]决定站在薇薇安这边。
batch_4.tsv	dialogue_0018.tsv	6825	char_jit_map191_1_0_38	误译	Prisoners...? At a party this grand?\nIf that's a complaint, you're grasping at straws.\nI have a party to enjoy. I suggest you do the same.	囚犯……？在这么盛大的宴会上？\n如果这算抱怨，那你可真是抓不住重点。\n我有宴会要享受。建议你也一样。	囚犯……？在这么盛大的宴会上？\n如果这算抱怨，那你就是在强词夺理。\n我有宴会要享受。建议你也一样。	“grasping at straws”指强词夺理，不是抓不住重点。	[char_jit_map191_1_0_38] With that said, I have a ball to enjoy.\nIf you'll excuse me, I have s | 话虽如此，我还有舞会要享受。\n恕我失陪，我还有子民要安抚。\n希望这能让他们开心到明年的宴会。	[char_jit_map191_1_0_38] You accept your fate. That is admirable.\nI wish you best of luck in t | 你接受了自己的命运。这令人钦佩。\n祝你好运，[firstname]。\n恕我失陪，我想我们有宴会要享受。
batch_4.tsv	dialogue_0018.tsv	6859	char_damek	误译	Now you're just putting words in my mouth.\nThe only person I'd tell is [firstname]. 	你这是在替我说话。\n我唯一会告诉的人就是[firstname]。	你这是在曲解我的意思。\n我唯一会告诉的人就是[firstname]。	“putting words in my mouth”是把话强加于人，不是“替我说话”。	[char_pro] What an interesting way to tell me that you side with Ulric.\nSometime | 用这种方式告诉我你站在乌尔里克那边，真有意思。\n有时候{i}不{/i}说什么，就足以让我明白一切。	[char_pro] Interesting. | 有意思。
batch_4.tsv	dialogue_0018.tsv	6937	char_damek	语气	Until I opened my eyes again, and saw you and Howl.\nThat changed something inside of me. My priorities shifted.\nThe thought of seeing my Mother again had completely disappeared.	直到我再次睁开眼，看到了你和豪尔。\n那改变了我内心的某些东西。我的优先次序变了。\n想再见到母亲的念头彻底消失了。	直到我再次睁开眼，看到了你和豪尔。\n那改变了我内心的某些东西。我真正看重的东西变了。\n想再见到母亲的念头彻底消失了。	“优先次序”过于职场化，改为自然表达。	[char_damek] That's kind of what kept me going. That thought made me happy.\nIn fac | 那算是支撑我活下去的念头。那个想法让我感到快乐。\n事实上，我在最后的时刻甚至笑了。我终于能再见到她了。\n可这世界是残酷的——当然，什么也	[char_damek] If I chased the future, I'd never enjoy the present.\nThat's part of w | 如果我追逐未来，就永远无法享受当下。\n其实，这也是我答应陪你共度这次约会的原因之一。\n我只希望自己能早些明白这一点。在那场袭击之前。
batch_4.tsv	dialogue_0018.tsv	6952	char_valessa	语气	I see your quick wit doesn't cave under stress.\nThat's good. We need some more optimism around here.\nIf only that's all it took to win wars, though. We'd be set.	看来你的机敏在压力下也不会垮。\n这很好。我们这儿需要更多乐观。\n不过要是光靠这个就能打赢战争就好了。那我们早就稳了。	看来你的机敏在压力下也不会垮。\n这很好。我们这儿需要更多乐观。\n不过要是光靠这个就能打赢战争就好了。那我们早就赢定了。	对话中的“稳了”过于网络化。	[char_valessa] Oh stop it, [firstname], you're embarrassing me.\nThere's far more int | 哦，别说了，[firstname]，你让我不好意思了。\n这里比我有趣的人多的是。\n去和当地人交际交际吧。我{i}永远{/i}都在。	[char_valessa] I kind of agree, but it's nice in this castle.\nHe could've thrown us  | 我有点同意，不过这城堡确实不错。\n他本可以把我们丢进牢房，对吧？\n看来我们挑了个绝佳的时机来拜访他。
batch_4.tsv	dialogue_0018.tsv	6990	旁白	误译	I smile at her, and dip her low as the music comes to an end.{w}\nI hold that pose for as long as I can, enjoying the sense of togetherness.{w}\nShortly after, I raise her back up, and we leave the dance floor amongst the crowd.	我朝她微笑，在音乐结束时将她低低地放倒。{w}\n我尽可能久地保持着那个姿势，享受这份相依的感觉。{w}\n不久后，我扶她起身，我们随着人群离开了舞池。	我朝她微笑，在音乐结束时带她做了一个下腰动作。{w}\n我尽可能久地保持着那个姿势，享受这份相依的感觉。{w}\n不久后，我扶她起身，我们随着人群离开了舞池。	“dip her low”是舞会下腰动作，不是把人放倒在地。	[char_valessa] And we'll start a new cycle.\nOne of peace, happiness, and prosperity. | 然后我们会开启新的循环。\n一个和平、幸福、繁荣的循环。\n一个让我们的孩子能过上充实快乐人生的循环。	[旁白] The music slowly comes to an end, and everybody leaves the dance floor | 音乐缓缓结束，所有人都离开了舞池。{w}\n瓦莱莎享受了一会儿这一刻，才再次开口。
batch_4.tsv	dialogue_0018.tsv	7063	char_sovy	语气	No, I'm not breaking the law.\nBut honestly, I don't know how to answer your question.\nI guess you could say that I'm “between things” right now.	不，我没违法。\n但老实说，我不知道该怎么回答你。\n大概可以说，我现在“处于空档期”。	不，我没违法。\n但老实说，我不知道该怎么回答你。\n眼下算是暂无差事在身。	“处于空档期”是现代职场用语，不符合角色与世界观。	[char_jit_map213_1_0_12] You already know what I do for a living.\nDon't you think I deserve to | 你已经知道我是靠什么谋生的。\n你不觉得作为礼尚往来，我也该知道吗？\n就算你在违法什么的，我也不在乎。	[char_jit_map213_1_0_12] And why is that...? | 那是为什么呢……？
batch_4.tsv	dialogue_0018.tsv	7095	char_valessa	其他	Have we actually worked out who's fighting?\nI mean, which of our members are joining Draycu's reserve forces?\nThe Leader and the Champion, we know. But what about everyone else?	我们真的确定谁上场了吗？\n我是说，我们有那些人要加入德雷库的后备队？\n首领和斗士，这我们知道。但其他人呢？	我们真的确定谁上场了吗？\n我是说，我们有哪些人要加入德雷库的后备队？\n首领和斗士，这我们知道。但其他人呢？	“有那些人”是错字，应为“有哪些人”。	[char_fortaime] I can't believe how cool this place is.\nToo bad I can't actually enjo | 真不敢相信这地方这么酷。\n可惜我根本没法享受。我紧张死了。\n我真的很担心我们今天会失去某个人。	[旁白] Howl steps forward. | 豪尔上前一步。
batch_4.tsv	dialogue_0018.tsv	7097	char_howl	误译	Ulric fights with Vivien. Pro fights with Draycu.\nVivien's reserve forces are part of his own army.\nDraycu's reserve forces will borrow from our army.	乌尔里克对战薇薇安。普洛对战德雷库。\n薇薇安的后备队来自他自己的军队。\n德雷库的后备队则会从我们的军队里借调。	乌尔里克与薇薇安并肩作战。普洛与德雷库并肩作战。\n薇薇安的后备队来自他自己的军队。\n德雷库的后备队则会从我们的军队里借调。	“fights with”在这里是与某人并肩作战，不是互相对战。	[旁白] Howl steps forward. | 豪尔上前一步。	[char_howl] We believe using the Monarch Vessels would be the best idea.\nWe would | 我们认为使用君主容器是最好的办法。\n我们不想再让主力部队涉险。\n如果我们赢了，我们的效忠会让这份牺牲变得值得。
batch_4.tsv	dialogue_0018.tsv	7118	旁白	语气	He points to a nearby staircase. That must lead to the private room.{w}\nYeah, everything was happening so fast. I could use a few moments to plan.{w}\nOne last team huddle before the fight would help. We need to minimize our losses.	他指向附近的楼梯。那一定通往私人房间。{w}\n是啊，一切都发生得太快了。我需要一点时间谋划。{w}\n战前来最后一次团队商讨会有帮助。我们得把损失降到最低。	他指向附近的楼梯。那一定通往私人房间。{w}\n是啊，一切都发生得太快了。我需要一点时间谋划。{w}\n战前最后一次碰头会有帮助。我们得把损失降到最低。	“团队商讨会”过于职场化。	[char_howl] Only by preparing for the coming storm, can we avoid tragedy.\nIf we s | 唯有为即将到来的风暴做好准备，我们才能避免悲剧。\n如果我们再站在这里，失去同伴的几率只会增加。\n别让敌人占上风。这种事已经发生太多次了。	[旁白] We need to make it through this without losing Pro, or Ulric.{w}\nIf s | 我们必须挺过这一关，不能失去普洛或乌尔里克。{w}\n如果这真有可能，那我们就找出办法。{w}\n如果真的不可能……？嗯，老实说我也不知道自
batch_4.tsv	dialogue_0018.tsv	7185	旁白	术语	There was no real explanation for either, so both were oddities.{w}\nThe Old Monarchy had the power of visions, but where did they come from?{w}\nHowl turns to face me, the flames illuminating his differently colored eyes.	两者都没有真正的解释，所以都算是怪事。{w}\n旧王朝拥有预见之力，可那力量从何而来？{w}\n豪尔转身面对我，火焰照亮了他异色的双瞳。	两者都没有真正的解释，所以都算是怪事。{w}\n旧王室拥有预见之力，可那力量从何而来？{w}\n豪尔转身面对我，火焰照亮了他异色的双瞳。	The Old Monarchy 在本批次中统一译为“旧王室”。	[旁白] But unless he could control this power, it would be useless to specula | 但除非他能控制这种力量，否则空想也无用。{w}\n光是想想就让我头疼，可我亲身见过不同的未来。{w}\n我也必须考虑不同过去的可能性。这合乎	[char_howl] We wish to try and master this ability before the final battle.\nIf we | 我们希望在决战前试着掌握这种能力。\n如果能获得任何有用的情报，都会有助于我们攻打巴尔泰乌斯。\n尤其是如果它能帮我们揪出队伍里的叛徒。
batch_4.tsv	dialogue_0018.tsv	7193	旁白	误译	Like all of this death is just a daily occurrence for them.{w}\nAt least it kept them introverted. The Triumvirate would like that.{w}\nThose focused on fighting themselves would be less inclined to rebel.	仿佛所有这些死亡对他们来说只是日常。{w}\n至少这让他们内敛。三人执政团会喜欢这样。{w}\n那些专注于内斗的人，就不太会去反抗。	仿佛所有这些死亡对他们来说只是日常。{w}\n至少这让他们只顾内斗。三人执政团会喜欢这样。{w}\n那些专注于内斗的人，就不太会去反抗。	“introverted”在此指心思向内、专注内斗，不是性格内敛。	[旁白] I must admit, Pro's actions did confuse me.{w}\nIn fact, everybody in  | 我必须承认，普洛的举动确实让我困惑。{w}\n事实上，阿拉林西亚的每个人都让我困惑。{w}\n他们把竞技场这档子事当下午茶一样对待。	[char_howl] There is more to this story than we know.\nWe hope that in the end, an | 这件事背后还有我们不知道的隐情。\n我们希望最终能结成同盟。\n我们更希望尽快离开这个国家。
batch_4.tsv	dialogue_0019.tsv	7233	char_pro	术语	I'm fighting alongside Draycu, as his Champion.\nThe fight is over if either him, or myself, fall in combat.\nOur reserve forces will consist of the Created Seers.	我将作为德雷库的斗士，与他并肩作战。\n只要他或我中有一个倒下，战斗就结束。\n我们的后备力量将由被创造出的先知组成。	我将作为德雷库的斗士，与他并肩作战。\n只要他或我中有一个倒下，战斗就结束。\n我们的后备力量将由人造先知组成。	Created Seers 在本批次既定译名为“人造先知”。	[char_pro] I'm fighting alongside Draycu, as his Champion.\nThe fight is over if  | 我将作为德雷库的斗士，与他并肩作战。\n只要他或我中有一个倒下，战斗就结束。\n我们的后备力量将由君王容器组成。	[char_pro] [firstname] will also be among those reserve forces, too. \nIf he wins | [firstname]也会在那支后备力量之中。\n如果他赢了，德雷库就会把他的力量借给我们去攻打巴尔泰乌斯。\n如果他输了，我们什么也得不到
batch_4.tsv	dialogue_0019.tsv	7236	char_pro	术语	If Draycu wins, the nation will stay exactly the same.\nBut if Vivien wins, he will lead Alarinthia in a new direction.\nHopefully, one that allies itself with The New Monarchy.	如果德雷库赢了，这个国家将一成不变。\n但如果薇薇安赢了，他会带领阿拉林西亚走向新的方向。\n但愿是一个能与新君主国结盟的方向。	如果德雷库赢了，这个国家将一成不变。\n但如果薇薇安赢了，他会带领阿拉林西亚走向新的方向。\n但愿是一个能与新王权结盟的方向。	The New Monarchy 的统一译名为“新王权”。	[char_pro] On the other hand, Ulric is fighting alongside Vivien, as his Champion | 另一方面，乌尔里克将作为薇薇安的斗士，与他并肩作战。\n[firstname]将在薇薇安的后备力量中，与他的军队一同战斗。\n那或许不如德雷	[旁白] Pro crosses his arms. | 普洛抱起双臂。
batch_4.tsv	dialogue_0019.tsv	7248	char_ulric	误译	I don't have much to say, I just wanted to get rid of Draycu.\nI'm not very good at farewells, either. So I won't waste your time.\nGood luck in the future. All of you. I hope to see you again.	我没什么好说的，我只是想把德雷库支开。\n我也不太擅长道别。所以我就不浪费你们的时间了。\n祝你们今后好运。你们所有人。希望还能再见。	我没什么好说的，我只是想除掉德雷库。\n我也不太擅长道别。所以我就不浪费你们的时间了。\n祝你们今后好运。你们所有人。希望还能再见。	“get rid of”是除掉，不是暂时支开。	[旁白] He stops talking, and stands in the corner of the room, saying nothing | 他不再说话，站在房间的角落，一言不发。{w}\n瓦莱莎和福泰姆点着头，他们明白了当前的局势。{w}\n看得出他们先前很困惑，所以他的解释显然	[旁白] He gives us all a slight bow before retreating into another corner.{w} | 他朝我们所有人微微一鞠躬，然后退到另一个角落。{w}\n这下只剩下我、豪尔、达梅克、瓦莱莎和福泰姆。
batch_4.tsv	dialogue_0019.tsv	7251	char_damek	术语	The Created Seers are already waiting by the arena.\nI'll take everyone to our seats, so we can watch you fight.\nI guess it's on you now, [firstname]. Head to the arena. 	被创造出的先知已经在竞技场旁等候了。\n我带大家去我们的座位，好在现场看你们战斗。\n现在就看你的了，[firstname]。去竞技场吧。	人造先知已经在竞技场旁等候了。\n我带大家去我们的座位，好在现场看你们战斗。\n现在就看你的了，[firstname]。去竞技场吧。	Created Seers 在本批次既定译名为“人造先知”。	[char_damek] The Monarch Vessels are already waiting by the arena.\nI'll take every | 君王容器已经在竞技场旁等候了。\n我带大家去我们的座位，好在现场看你们战斗。\n现在就看你的了，[firstname]。去竞技场吧。	[char_fortaime] Do you really need to rush into it like this?\nCan't you take some tim | 你真的有必要这么急着去吗？\n就不能花点时间准备和训练吗？
batch_4.tsv	dialogue_0019.tsv	7284	旁白	术语	Your bond with Pro was irreparably damaged.{w}\nYou will be unable to access his Loyalty Scene in the future.{w}\nThis brings Pro's series of Heart-to-Hearts to an indefinite close.	你与普洛的羁绊已被无法修复地破坏。{w}\n今后你将无法解锁他的忠诚剧情。{w}\n普洛的一系列“心灵相通”就此无限期搁置。	你与普洛的羁绊已遭到无法修复的破坏。{w}\n今后你将无法解锁他的忠诚剧情。{w}\n普洛的一系列“心灵对话”就此无限期搁置。	Heart-to-Heart 统一译为“心灵对话”，并修正“被无法修复地破坏”病句。	[旁白] He walks away from me, visibly upset and angry.{w}\nIt was funny how a | 他离开我身边，显然又伤心又愤怒。{w}\n一段友谊竟能如此轻易地走到尽头，真是可笑。{w}\n但如果我要统治这个世界，我就得学会态度强硬。	[char_pro] Wait, seriously...? Thank you!\nI was so scared you'd cut things off.\ | 等等，真的吗……？谢谢你！\n我特别怕你会就此断绝关系。\n我真的很珍惜我们的羁绊，[firstname]。我发誓。
batch_4.tsv	dialogue_0019.tsv	7329	旁白	术语	I notice Drakeor make his way to my side.{w}\nHe looks me up and down, staring at my blade.	我注意到德雷克奥尔走到我身边。{w}\n他上下打量着我，目光盯着我的剑。	我注意到德雷克走到我身边。{w}\n他上下打量着我，目光盯着我的剑。	Drakeor 的既定译名是“德雷克”。	[旁白] He smiles, and we break our huddle.{w}\nI follow him as we make our wa | 他笑了笑，我们结束了围聚。{w}\n我跟在他身后，朝闸门走去。{w}\n我肩上的重担无比巨大，令人恐惧。	[char_jit_map203_1_0_304] Look, I don't know if what they told me was true.\nBut if that blade i | 听着，我不知道他们告诉我的是不是真的。\n但如果那把剑是什么古代遗物，别炫耀。\n除力量与策略之外的任何东西都会被视作作弊。
batch_4.tsv	dialogue_0019.tsv	7375	旁白	术语	They raise their blades, and ready themselves to attack.{w}\nThey're still far away, but it's enough to intimidate us.{w}\nI reach for my own weapon in response, and unsheathe it.	他们举起兵剑，准备进攻。{w}\n他们离得还远，但已足以让我们心生畏惧。{w}\n我伸手握住自己的武器作为回应，将它拔出。	他们举起剑，准备进攻。{w}\n他们离得还远，但已足以让我们心生畏惧。{w}\n我伸手握住自己的武器作为回应，将它拔出。	“兵剑”不是自然中文，blades 统一译为“剑”。	[char_pro] Yeah, this strategy reeks of desperation.\nGet us out of this, [firstn | 是啊，这策略透着一股孤注一掷的味道。\n带我们脱困，[firstname]。不得已就用那把剑。\n他不可能还有后手了。这一招之后不可能。	[char_jit_map217_1_0_128] Now...! | 现在……！
batch_4.tsv	dialogue_0019.tsv	7381	旁白	术语	They raise their blades, and ready themselves to attack.{w}\nThey're still far away, but it's enough to intimidate us.{w}\nI reach for my own weapon in response, and unsheathe it.	他们举起兵剑，准备进攻。{w}\n他们离得还远，但已足以让我们心生畏惧。{w}\n我伸手握住自己的武器作为回应，将它拔出。	他们举起剑，准备进攻。{w}\n他们离得还远，但已足以让我们心生畏惧。{w}\n我伸手握住自己的武器作为回应，将它拔出。	“兵剑”不是自然中文，blades 统一译为“剑”。	[char_ulric] This strategy, it seems desperate.\nThat means he doesn't have anythin | 这策略，看起来是走投无路了。\n那就意味着他没有别的后手了。\n带我们脱困，[firstname]！不得已就用那把剑。	[旁白] I take slow steps forward, matching their synchronization.{w}\nThey st | 我缓缓向前迈步，配合着他们整齐的节奏。{w}\n他们困惑地盯着我，有些人甚至嗤笑起来。{w}\n这是我发光的机会。我必须把大家从这个陷阱里救
batch_4.tsv	dialogue_0019.tsv	7417	旁白	术语	In response, Ulric readies his blade, and steps closer to Pro.{w}\nThere's nothing I can do anymore. I'm practically choking on my own blood.{w}\nAny weak cries I emit would be easily overtaken by the chatter of our audience.	作为回应，乌尔里克举起兵剑，朝普洛逼近。{w}\n我已经无能为力了。我几乎被自己的血呛住。{w}\n我发出的任何微弱呼喊，都会被观众的喧哗轻易盖过。	作为回应，乌尔里克举起剑，朝普洛逼近。{w}\n我已经无能为力了。我几乎被自己的血呛住。{w}\n我发出的任何微弱呼喊，都会被观众的喧哗轻易盖过。	“兵剑”不是自然中文，blade 统一译为“剑”。	[char_pro] Ulric, stop...! | 乌尔里克，住手……！	[旁白] A chatter that soon turns into roaring applause. | 那喧哗很快就变成了震耳欲聋的掌声。
batch_4.tsv	dialogue_0019.tsv	7508	旁白	误译	One life gave us all the power we'd need to win this war.{w}\nBut at the same time, is it right to reduce a life to something like that?{w}\nA bargaining chip on some sort of table containing all of our lives?	一条命给了我们赢得这场战争所需的全部力量。{w}\n但与此同时，把一条生命简化成这样的东西，对吗？{w}\n像是一个摆在砧板上、与我们所有人性命一起被押上的筹码？	一条命给了我们赢得这场战争所需的全部力量。{w}\n但与此同时，把一条生命简化成这样的东西，对吗？{w}\n像是一张押上我们所有人性命的赌桌上的筹码？	“砧板”混合了原文“赌桌筹码”的比喻，改为一致的赌桌意象。	[旁白] I shrug, unsure of how to respond to that last part.{w}\nHe did kill a | 我耸了耸肩，不知该如何回应最后那部分。{w}\n他确实杀了一个战友，但这为我们确保了一个强大的同盟。{w}\n我们不得不去想，这样的行为是否	[旁白] This is something we'd have to talk about as an entire group.{w}\nI ma | 这件事得由我们所有人一起来谈。{w}\n我或许是负责人，但这件事影响的是所有人——不只是我。{w}\n这就是我让福泰姆明白的。这是处理此事的
batch_4.tsv	dialogue_0019.tsv	7509	旁白	语气	This is something we'd have to talk about as an entire group.{w}\nI may be in charge, but this affected everybody — not just me.{w}\nThat's what I let Fortaime know. It's the only right way to handle this.	这件事得由我们整个团队一起来谈。{w}\n我或许是负责人，但这件事影响的是所有人——不只是我。{w}\n这就是我让福泰姆明白的。这是处理此事的唯一正确方式。	这件事得由我们所有人一起来谈。{w}\n我或许是负责人，但这件事影响的是所有人——不只是我。{w}\n这就是我让福泰姆明白的。这是处理此事的唯一正确方式。	独白中的“团队”过于职场化。	[旁白] One life gave us all the power we'd need to win this war.{w}\nBut at t | 一条命给了我们赢得这场战争所需的全部力量。{w}\n但与此同时，把一条生命简化成这样的东西，对吗？{w}\n像是一张押上我们所有人性命的赌桌	[char_fortaime] Alright. But just take my advice.\nDon't do it while everybody is stil | 好吧。但听我一句劝。\n别在大家还震惊的时候谈。\n让他们消化这些事，形成自己的想法。
batch_4.tsv	dialogue_0019.tsv	7589	旁白	语气	And that was my goal. We'd get back to Mazeo with no questions left unanswered.{w}\nNo matter how shocking the answers were, and whether or not I regretted learning them.{w}\nWe seemed to be running on everybody's agenda but my own. Everybody had their own plans.	而这就是我的目标。我们要回到马泽奥，不留下任何未解之谜。{w}\n不管那些答案有多么惊人，也不管我是否会后悔知道它们。{w}\n我们似乎一直在按所有人的议程行事，唯独没有我的。每个人都有自己的盘算。	而这就是我的目标。我们要回到马泽奥，不留下任何未解之谜。{w}\n不管那些答案有多么惊人，也不管我是否会后悔知道它们。{w}\n我们似乎一直在按所有人的计划行事，唯独没有我自己的。每个人都有自己的盘算。	独白中的“议程”过于现代职场化。	[旁白] We make our way to the deck of the ship, but Valessa's words stick wit | 我们走向船的甲板，但瓦莱莎的话一直萦绕在我心头。{w}\n一切都发生得太快，我几乎搞不清状况。{w}\n幸好，我们有一段漫长的归程可以把一切	[旁白] It was time for that to change. | 是时候改变这一点了。
batch_4.tsv	dialogue_0020.tsv	7718	旁白	语气	Furthermore, the way Ulric handled this situation was extremely professional.{w}\nUnder any other circumstances, I might have taken this information badly.{w}\nBut he's right. It's in the past. He's gone on to prove his loyalty to me.	而且，乌尔里克处理这件事的方式极为专业。{w}\n换作其他任何情况，我可能会对这条情报反应激烈。{w}\n但他说得对。那都是过去的事了。他已经用行动证明了对我的忠诚。	而且，乌尔里克把这件事处理得非常沉稳老练。{w}\n换作其他任何情况，我可能会对这条情报反应激烈。{w}\n但他说得对。那都是过去的事了。他已经用行动证明了对我的忠诚。	“极为专业”同时违反书面腔与现代职场语域。	[旁白] I'm so confused right now. Was Sovy helping us, or trying to hurt us?{ | 我现在糊涂极了。索维是在帮我们，还是想害我们？{w}\n我能理解他为什么会觉得乌尔里克的过去会损害我们的信任。{w}\n但我也能看出，分享这	[旁白] The happenings in Alarinthia finally make full sense to me.{w}\nHe was | 阿拉林西亚发生的一切终于让我完全明白了。{w}\n他是在为这个秘密曝光的那一天预先赢得我的信任。{w}\n真是天才。不过，我以后得跟他多打交
batch_4.tsv	dialogue_0020.tsv	7742	char_pro	误译	Look — I made up for what I did...!\nAll those lives we lost? We got them back, and more!\nOur Alarinthian allies will help us win this war. Hands down.	听着——我已经弥补了我做过的事……！\n我们失去的那些生命？我们不仅夺回来了，还得到了更多！\n我们的阿拉林西亚盟友会帮我们赢得这场战争。毫无疑问。	听着——我已经弥补了我做过的事……！\n我们失去的那些人手？如今都补回来了，而且还多了不少！\n我们的阿拉林西亚盟友会帮我们赢得这场战争。毫无疑问。	生命无法被“夺回来”，原译表达不成立。	[旁白] With an ulterior motive like that, were they really trustworthy...?{w} | 怀着这样的私心，他们真的值得信赖吗……？{w}\n乌尔里克的过去容易原谅。可普洛对我们所有人做的事呢？{w}\n我完全不知道该如何反应。索维	[旁白] I nod, acknowledging his point.{w}\nBut I need more time to think abou | 我点点头，承认他说得有道理。{w}\n但我需要更多时间来考虑这件事。{w}\n如果他们都有秘密，那我其他的同伴是不是也一样？
batch_4.tsv	dialogue_0020.tsv	7793	旁白	误译	There was no way that I could take such a risk.{w}\nIf he turned against us, he could destroy our entire cause.{w}\nIt was too risky. If his exile was even real, he'd be stuck with it.	我不可能冒这样的险。{w}\n如果他背叛我们，他可能毁掉我们整个事业。{w}\n太冒险了。就算他的流放是真的，那也是他自作自受。	我不可能冒这样的险。{w}\n如果他背叛我们，他可能毁掉我们整个事业。{w}\n太冒险了。就算他的流放是真的，那也只能由他自己承受。	“自作自受”额外加入道德判断，原文只说后果由他承担。	[旁白] It was a risk that I was willing to take, for our cause.{w}\nThe infor | 为了我们的事业，我愿意冒这个险。{w}\n他能提供的情报会让我们强大得多。{w}\n如果我们在进攻前对他起疑，我们能轻易压制他。	[char_sovy] Very well. | 好吧。
batch_4.tsv	dialogue_0020.tsv	7808	旁白	术语	Loyalty scenes are now available for the six main party members.{w}\nHowl has a fourth Heart-to-Heart that is hidden in one of the previous areas.{w}\nLoyalty scenes can be accessed by clicking the character icon on the War Table.	六名主要队员的忠诚剧情现已开放。{w}\n豪尔还有一场隐藏在前述某个区域里的第四次心灵交汇。{w}\n点击作战桌上的角色图标即可进入忠诚剧情。	六名主要队员的忠诚剧情现已开放。{w}\n豪尔还有一场隐藏在前述某个区域里的第四次心灵对话。{w}\n点击作战桌上的角色图标即可进入忠诚剧情。	Heart-to-Heart 统一译为“心灵对话”。	[旁白] But it's right in front of me. This is it.{w}\nOur journey was in its  | 但它就在我眼前。就是现在了。{w}\n我们的旅程进入了最后的时刻。我紧张得绷紧了神经。{w}\n我们走下船，拥抱我们所剩无几的时光。	[旁白] Fast Travel has now been unlocked, allowing easy navigation through Al | 快速旅行现已解锁，可轻松穿梭阿莱斯蒂亚。{w}\n各区域左上角出现了新的蓝色图标。点击它即可前往世界地图。{w}\n世界地图可让你在游戏中的
batch_4.tsv	dialogue_0020.tsv	7809	旁白	术语	Fast Travel has now been unlocked, allowing easy navigation through Alestia.{w}\nA new blue icon has appeared in the top left of areas. Click it to move to the World Map.{w}\nThe World Map allows for easy navigation between every other map in the game.	快速旅行现已解锁，可轻松穿梭阿拉斯蒂亚。{w}\n各区域左上角出现了新的蓝色图标。点击它即可前往世界地图。{w}\n世界地图可让你在游戏中的其他所有地图间轻松移动。	快速旅行现已解锁，可轻松穿梭阿莱斯蒂亚。{w}\n各区域左上角出现了新的蓝色图标。点击它即可前往世界地图。{w}\n世界地图可让你在游戏中的其他所有地图间轻松移动。	Alestia 的统一译名为“阿莱斯蒂亚”，不是“阿拉斯蒂亚”。	[旁白] Loyalty scenes are now available for the six main party members.{w}\nH | 六名主要队员的忠诚剧情现已开放。{w}\n豪尔还有一场隐藏在前述某个区域里的第四次心灵对话。{w}\n点击作战桌上的角色图标即可进入忠诚剧情	[旁白] The World Map is also how you will launch your final attack on Balteus | 世界地图也是你发动对巴尔泰乌斯最终进攻的方式。{w}\n点击巴尔泰乌斯的地图图标，你将可以选择进入第五幕。{w}\n不过，最好等你对已完成的
batch_4.tsv	dialogue_0020.tsv	7811	旁白	术语	Sovy has now permanently joined your party.{w}\nA series of Heart-to-Hearts has been hidden all over Alestia.{w}\nA loyalty scene has been added, accessed like normal from the War Table.	索维现已永久加入你的队伍。{w}\n一系列心灵交汇已隐藏在阿拉斯蒂亚各处。{w}\n新增了一场忠诚剧情，照常从作战桌进入。	索维现已永久加入你的队伍。{w}\n一系列心灵对话已隐藏在阿莱斯蒂亚各处。{w}\n新增了一场忠诚剧情，照常从作战桌进入。	同时统一 Heart-to-Heart 与 Alestia 的译名。	[旁白] The World Map is also how you will launch your final attack on Balteus | 世界地图也是你发动对巴尔泰乌斯最终进攻的方式。{w}\n点击巴尔泰乌斯的地图图标，你将可以选择进入第五幕。{w}\n不过，最好等你对已完成的	[char_valessa] Hey. | 嘿。
batch_4.tsv	dialogue_0020.tsv	7887	char_jit_map151_1_0_153	语气	And mine, too! Trust me [firstname], we got this.\nAfter this is done, Alestia will belong to {i}us{/i}.\nAnd if I'm honest — it's about damn time.	还有我！相信我，[firstname]，这事我们稳了。\n等这一切结束，阿莱斯蒂亚就属于{i}我们{/i}了。\n而且说实话——早该如此了。	还有我！相信我，[firstname]，这事我们赢定了。\n等这一切结束，阿莱斯蒂亚就属于{i}我们{/i}了。\n而且说实话——早该如此了。	对话中的“稳了”过于网络化。	[char_jit_map151_1_0_140] I've heard a lot about you, Monarch.\nUntil you arrived, you're all Da | 我久仰你的大名，君主。\n你来之前，达梅克满嘴都是你。\n我向你效忠。我的剑听你调遣。	[char_jit_map151_1_0_166] Yeah, The Triumvirate has ruled over us for far too long.\nA change is | 是啊，三人执政团统治我们太久了。\n变革早就该来了——这样才能让一切保持新鲜有趣。\n[firstname]，如果你需要任何帮助，尽管来找我
batch_4.tsv	dialogue_0020.tsv	7920	char_jit_map152_1_0_36	其他	Come on, you can all do better than that!{w}\nIf you want my favor in our new nation, then get to work!{w}\nA competent crew would already have us halfway to Alarinthia!	来吧，你们都能做得更好！{w}\n想在我们的新国度里得到我的青睐，就给我干活！{w}\n一支能干的船员早该把我们送到阿拉林西亚半路了！	来吧，你们都能做得更好！{w}\n想在我们的新国度里得到我的青睐，就给我干活！{w}\n一帮能干的船员早该把我们送到阿拉林西亚半路了！	“一支能干的船员”量词搭配错误。	[旁白] His crew nod and exchange witty banter as they prepare.{w}\nIt seems l | 他的船员们一边点头，一边打趣地互相调侃着做准备。{w}\n看来做海盗的生活其实可能相当{i}有趣{/i}。{w}\n我很庆幸我们选择了支持他	[旁白] Her crew nod and get to work, exactly as instructed.{w}\nIt seems her  | 她的船员们点点头，照吩咐干起活来。{w}\n看来尽管她态度严厉，她的权威依然受到尊重。{w}\n他们想讨好自己的新统治者，这可以理解。
batch_4.tsv	dialogue_0020.tsv	7967	旁白	术语	Clicking the arrow in the top right will continue the story, and the voyage to Alarinthia.{w}\nIt is highly recommended that you complete the series of onboard Heart-to-Hearts.	点击右上角的箭头将继续剧情，前往阿拉林西亚的航行。{w}\n强烈建议你完成船上的一系列心灵交汇。	点击右上角的箭头将继续剧情，前往阿拉林西亚的航行。{w}\n强烈建议你完成船上的一系列心灵对话。	Heart-to-Heart 统一译为“心灵对话”。	[旁白] Her crew repeats this, as if it were a mantra, before we set sail.{w}\ | 她的船员们像念咒语一样重复着这句话，随后我们起航了。{w}\n我想就是这样了。我们正前往争取阿拉林西亚的结盟。	[旁白] When I exit the ship, I notice everybody standing around outside.{w}\n | 我走出船时，注意到所有人都站在外面。{w}\n乌尔里克身姿挺拔，但我的其他同伴都一脸疲惫。{w}\n他们扇着风，显然酷热正是这疲惫的根源。
batch_4.tsv	dialogue_0020.tsv	7975	旁白	语气	Damek and Howl stand together, so I slowly walk toward them.{w}\nHopefully some of the tension had settled after the long voyage.{w}\nIt would be detrimental to have two senior staff constantly at arms.	达梅克和豪尔站在一起，我慢慢朝他们走去。{w}\n希望漫长的航行过后，有些紧张气氛已经平息。{w}\n两位高级幕僚一直剑拔弩张，对我们绝无好处。	达梅克和豪尔站在一起，我慢慢朝他们走去。{w}\n希望漫长的航行过后，有些紧张气氛已经平息。{w}\n两位重臣一直剑拔弩张，对我们绝无好处。	“高级幕僚”过于现代职场化。	[旁白] They part ways, and go about their business.{w}\nUlric goes toward Pro | 他们分头走开，各忙各的。{w}\n乌尔里克朝普洛走去，两人开始私下交谈。{w}\n瓦莱莎和福泰姆凑到了一起，所以我得找自己的伴。	[char_damek] Hello, [firstname]. | 你好，[firstname]。
batch_5.tsv	dialogue_0021.tsv	8065	char_halin	术语	Of course, Master.	当然，主人。	当然，师父。	Halin 对 Sovy 的称呼应与其他行的“师父”统一。	[char_sovy] Halin, can I talk to you for a moment? | 哈林，我能跟你谈一会儿吗？	[旁白] They stop in their tracks, Shane included.{w}\nHe knew enough not to i | 他们停下脚步，肖恩也是。{w}\n他很懂事，没有打扰他们的密谈。{w}\n他站到一旁，尽管他现在已经是“他们中的一员”了。
batch_5.tsv	dialogue_0021.tsv	8074	char_halin	术语	Work on your personal issues, Master.\nI don't care what they are. Just get them sorted out.\nRemember, I'm likely to get chastised just as much as you.	处理好你的私人问题，主人。\n我不在乎是什么问题。把它们解决掉就行。\n记住，我很可能和你一样会被斥责。	处理好你的私人问题，师父。\n我不在乎是什么问题。把它们解决掉就行。\n记住，我很可能和你一样会被斥责。	Halin 对 Sovy 的称呼应与角色关系及全篇译法一致。	[char_sovy] Of course. | 当然。	[char_halin] But we'll save the bad news for last.\nWe dealt a major blow to The Re | 但我们会把坏消息留到最后说。\n我们给了反抗军重重一击，索维。\n失去了领袖，他们会陷入混乱。
batch_5.tsv	dialogue_0021.tsv	8082	char_sovy	术语	Oh, sorry — force of habit.\nWe were just talking about what we should tell our Masters.\nWhile we did damage The Rebellion, we failed in our objective.	哦，抱歉——习惯了。\n我们只是在商量该跟我们的主子们说些什么。\n虽然我们确实打击了反抗军，但我们没能达成目标。	哦，抱歉——习惯了。\n我们只是在商量该跟几位主上说什么。\n虽然我们确实打击了反抗军，但我们没能达成目标。	Sovy 所称 Masters 指三人执政团，应与“主上”口径统一。	[char_shane] So what was that all about...?\nYou said I was one of you now, right?\ | 那刚才是怎么回事……？\n你说过我现在是你们中的一员，对吧？\n你什么时候才会那样对待我？	[char_shane] You mean that blade? | 你是指那把剑？
batch_5.tsv	dialogue_0021.tsv	8162	char_howl	术语	We cannot become the enemy we seek to dethrone.\nYour way of thinking requires some reevaluation, Damek.\nYou may say \"means to an end\", but so does The Triumvirate.	我们不能变成我们想要推翻的敌人。\n你的想法需要重新审视，达梅克。\n你或许会说“为达目的不择手段”，但三人执政团也是这么想的。	我们不能变成我们想要推翻的敌人。\n你的想法需要重新审视，达梅克。\n你或许会说这是“达成目的的手段”，但三人执政团也一样。	“means to an end”已有固定译法，不应改成“为达目的不择手段”。	[char_howl] There is nothing wrong with the way Alarinthia is run.\nYou cannot cha | 阿拉林西亚的统治方式没有任何问题。\n你不能仅仅因为自己不喜欢就去改变它。\n那样做只会让你和三人执政团没什么两样。	[char_damek] Wow, you paint me as such a villain. | 哇，你把我描绘得像个大反派。
batch_5.tsv	dialogue_0021.tsv	8367	旁白	术语	He makes his way to the spirit idol at the back of the church.{w}\nClapping his hands together, he frees himself of the dust.	他走向教堂后方的灵界灵像。{w}\n他双手一拍，抖掉手上的灰尘。	他走向教堂后方的灵像。{w}\n他双手一拍，抖掉手上的灰尘。	spirit idol 全篇统一为“灵像”。	[char_damek] Not much time for Triumvirate worship these days. | 如今没什么时间祭拜三人执政团了。	[char_damek] This is the spirit idol of Mazeo.\nOr so we thought, until recently. | 这是马泽奥的灵像。\n至少我们以前是这么以为的，直到最近。
batch_5.tsv	dialogue_0021.tsv	8368	char_damek	术语	This is the spirit idol of Mazeo.\nOr so we thought, until recently.	这是马泽奥的灵界灵像。\n至少我们以前是这么以为的，直到最近。	这是马泽奥的灵像。\n至少我们以前是这么以为的，直到最近。	spirit idol 全篇统一为“灵像”。	[旁白] He makes his way to the spirit idol at the back of the church.{w}\nCla | 他走向教堂后方的灵像。{w}\n他双手一拍，抖掉手上的灰尘。	[旁白] It remains dust free, unlike the rest of the church.{w}\nHe places a h | 它一尘不染，不像教堂的其他地方。{w}\n他把一只手放在祭坛上，抬头望着灵像。
batch_5.tsv	dialogue_0022.tsv	8444	char_sovy	误译	Don't worry, I'll still let you visit Damek and The Rebels.\nIt's just — I have something {i}different{/i} in mind for you.\nA chance to \"pay him back\", if you'd be so inclined.	别担心，我还是会让你去见达梅克和反抗军的。\n只是——我为你准备了{i}不一样{/i}的东西。\n一个“回报他”的机会，如果你愿意的话。	别担心，我还是会让你去见达梅克和反抗军的。\n只是——我为你准备了{i}不一样{/i}的东西。\n一个“回敬他”的机会，如果你愿意的话。	带引号的 pay him back 指报复，“回报”容易误解为感谢。	[旁白] He didn't respond just yet. He watched a silent rage build up within S | 他没有立刻回应。他看着无声的怒火在肖恩心中积聚。{w}\n那再好不过了。因为在战场上，愤怒是无价的工具。{w}\n索维微微一笑，终于打破沉默	[旁白] Shane's fists trembled in anger.{w}\nIn this moment, he was right wher | 肖恩的拳头因愤怒而颤抖。{w}\n这一刻，他正处在索维想让他待的位置。
batch_5.tsv	dialogue_0022.tsv	8521	char_fortaime	术语	It matches up with what people outside of Valinorth were saying.\nWe were just superstitious, and lived in a unique location.\nThe Monarchy gave us visions, and nothing more.	这和瓦利诺斯之外的人说法一致。\n我们只是迷信，又住在一个特别的地方。\n王室给我们的只是幻象，仅此而已。	这和瓦利诺斯之外的人说法一致。\n我们只是迷信，又住在一个特别的地方。\n君主国给我们的只是幻象，仅此而已。	The Monarchy 是势力专名，全篇统一为“君主国”。	[char_fortaime] Without the heat from the spirits, it'd freeze over and die.\nI mean,  | 没有灵带来的热量，它就会冻住、消亡。\n我是说，我们以前相信这个——但现在想想，根本说不通。\n灵界是个监狱，对吧？没什么神秘，也没什么好处	[char_fortaime] We'll have to ask Howl the moment we get the chance.\nIf it's like I t | 一有机会我们得问问豪尔。\n如果真像我想的那样，瓦利诺斯就没事。一点风险都没有！\n这些真相再难相信，它们{i}确实{/i}有好处。
batch_5.tsv	dialogue_0022.tsv	8530	char_fortaime	误译	They're adjustable, so you can wear them no matter what!\nYou don't need to look for a foothold anymore, you make them yourself!\nAs long as you're strong enough, there's nothing you can't climb, Monarch.	它们可以调节，所以你怎么都能戴！\n你不用再找落脚点了，自己就能造出来！\n只要你力气够，没什么是你爬不上去的，君主。	它们可以调节，所以你怎么都能戴！\n你不用再找落脚点了，落脚点可以自己造出来！\n只要你力气够，没什么是你爬不上去的，君主。	原文指自行制造落脚点，不是造出攀爬装备。	[旁白] He wanders over to a bag on the deck, and reaches inside.{w}\nA few mo | 他晃到甲板上的一个包旁，伸手进去。{w}\n过了一会儿，他掏出一些带爪的金属物件。{w}\n看来一对是给脚的，一对是给手的。	[char_fortaime] I know what I'm doing as soon as we get back.\nI'm heading to Valinort | 我知道一回去我要做什么。\n我要去瓦利诺斯，爬上巨树！\n我想让你跟我一起。那是个适合你学习的好地方。
batch_5.tsv	dialogue_0022.tsv	8563	旁白	术语	Fortaime's loyalty scene is now available when you return to the mainland.{w}\nThe game will notify you when you have access to the loyalty scene system.{w}\nLoyalty scenes can be initiated by clicking that character at the War Table.	返回大陆后，福泰姆的忠诚剧情将解锁。{w}\n当你可以使用忠诚剧情系统时，游戏会通知你。{w}\n在战争桌面上点击该角色即可触发忠诚剧情。	返回大陆后，福泰姆的忠诚剧情将解锁。{w}\n当你可以使用忠诚剧情系统时，游戏会通知你。{w}\n在作战桌上点击该角色即可触发忠诚剧情。	War Table 应与既有“作战桌”译法统一。	[旁白] A lot easier. | 轻松得多。	[旁白] I make my way down to the ship cabin, and see Ulric sitting on a bed.{ | 我下到船舱，看见乌尔里克坐在一张床上。{w}\n至少，是在这艘有点拥挤的船上勉强算床的东西。{w}\n他正在磨剑，动作间显然很用力。
batch_5.tsv	dialogue_0022.tsv	8585	char_ulric	其他	Remember me for the things I've done for {i}you{/i}, and The Rebellion.\nNo matter what you hear about me, or my past? Please don't judge me.\nI wouldn't judge you based on your past, so I expect the same from you.	记住我为你{i}和{/i}反抗军做过的事。\n不管你听到关于我或我过去的什么？请别评判我。\n我不会因为你的过去评判你，所以我也期望你能同样对我。	记住我为{i}你{/i}和反抗军做过的事。\n不管你听到关于我或我过去的什么？请别评判我。\n我不会因为你的过去评判你，所以我也期望你能同样对我。	强调标签误罩在“和”上，应保留原文对 you 的强调。	[char_ulric] I don't want to scare you, and I'm not really hiding anything.\nBut we | 我不想吓你，我也没真的隐瞒什么。\n但我们要去我的故乡了。你也许会……听到些事。\n能答应我一件事吗，君主？无论发生什么？	[旁白] I nod. I can afford him that courtesy, as long as he's not hiding anyt | 我点头。只要他没有隐瞒什么穷凶极恶的事，这份礼遇我可以给他。{w}\n但他不像是那种人。他确实把一生献给了和我相同的事业。
batch_5.tsv	dialogue_0022.tsv	8588	char_ulric	误译	It was especially hard since we're kind of \"involved\", now.\nIs that the right word for what we are? I don't really know.\nAfter what we did back in Mazeo, I think it's a safe term.	尤其难开口，因为我们现在算是“有牵连”了。\n这个词形容我们合适吗？我也不太清楚。\n鉴于我们在马泽奥做过的事，我想这说法还算稳妥。	尤其难开口，因为我们现在算是“在一起”了。\n这个词形容我们合适吗？我也不太清楚。\n鉴于我们在马泽奥做过的事，我想这说法还算稳妥。	“有牵连”在中文里近似涉案，不符合恋爱关系语境。	[char_ulric] Good. Then that's pretty much everything I had to say.\nI was really w | 好。那差不多就是我要说的全部了。\n我一直很担心。我不知道该怎么处理这个话题。\n所以——与其想太多，我干脆直说。谢谢你。	[char_ulric] I don't want to complicate things, so I'll just be quiet.\nBut don't t | 我不想把事情弄复杂，所以我就闭嘴了。\n但别以为我忘了发生的事。\n如果有机会，我希望还能再来一次……
batch_5.tsv	dialogue_0022.tsv	8594	旁白	语气	He gives me another one of those trademark smirks.{w}\nI get the feeling that he really does use alcohol as a social crutch.{w}\nHe's much more open and lively while under the influence. Is that bad?	他又给了我一个标志性的坏笑。{w}\n我感觉他确实把酒精当作社交的拐杖。{w}\n他在酒意上头时开放活泼得多。这算坏事吗？	他又给了我一个标志性的坏笑。{w}\n我感觉他确实把酒精当作社交的拐杖。{w}\n他喝过酒后开放活泼得多。这算坏事吗？	独白禁用网络口语“上头”，需改成中性表达。	[char_ulric] Talking about myself is hard. It definitely helps to get drunk.\nBut a | 谈自己很难。喝醉肯定有帮助。\n但这次航行他们{i}没{/i}想着带上麦酒。\n也许我会动用点关系，让回程更“热闹”些。	[旁白] I guess it's not my place to say. As long as it doesn't get in the way | 我想轮不到我来说。只要不碍他的职责就好。{w}\n我总觉得我们去阿拉林西亚会让他比以往更受瞩目。{w}\n我从床上起身，转身面对他。他继续弄
batch_5.tsv	dialogue_0022.tsv	8619	旁白	其他	There's definitely more on her mind, I can tell.{w}\nBut I can't force her to open up, so I stand there in silence.{w}\nMy ears are open to her, as long as she decides to speak.	我能看出她心里肯定还有别的事。{w}\n但我不能逼她开口，所以我默默站着。{w}\n只要她愿意说，我的耳朵为她敞开。	我能看出她心里肯定还有别的事。{w}\n但我不能逼她开口，所以我默默站着。{w}\n只要她愿意说，我随时都愿意听。	“我的耳朵为她敞开”是英文直译，不符合中文独白习惯。	[旁白] She lets out a loud sigh as we stare off into the horizon.{w}\nThe slo | 我们望着地平线，她重重叹了口气。{w}\n船身缓慢的摇晃把我们推得更近。{w}\n距离拉近了，我能更清楚地听见她。	[char_valessa] I was so lost in thought, I couldn't sleep last night.\nI decided to h | 昨晚我思绪万千，睡不着。\n我决定帮亚历克斯准备出航的船。\n我们聊了起来，他告诉了我一件震惊的事……
batch_5.tsv	dialogue_0022.tsv	8628	char_valessa	术语	But they were killers. They broke the law. They pillaged.\nThey were part of the reason The Triumvirate launched The Occupation.\nI know what you're going to say. \"They wanted the idol\". Piracy was a cover.	但他们是杀人犯。他们违法。他们掠夺。\n他们是三人执政团发动“占领”的原因之一。\n我知道你要说什么。“他们想要偶像”。海盗只是幌子。	但他们是杀人犯。他们违法。他们掠夺。\n他们是三人执政团发动“占领”的原因之一。\n我知道你要说什么。“他们想要灵像”。海盗只是幌子。	此处 idol 指灵像，不能译成“偶像”。	[char_valessa] At first I didn't believe it. I was lost in denial.\nBut they kept tel | 一开始我不信。我沉浸在否认中。\n但他们越说越多，我不得不接受。\n我一直把我们的父母想象成完美无瑕的人。	[char_valessa] And while you may be right, the excuse was still valid.\nAt the end of | 就算你说得对，那个借口依然成立。\n说到底，海盗行为在马泽奥肆虐。\n我们的父母也参与了，给了他们这个完美的借口，你明白吗？
batch_5.tsv	dialogue_0022.tsv	8663	旁白	术语	He lets out a soft laugh, and rests his hands behind his head, laying back.{w}\nMy heart beats incredibly fast, as this revelation slowly processes itself in my head.{w}\nThe final vision The Monarchy had given me, was of Pro betraying all of us...?	他轻笑一声，双手枕在脑后，向后躺下。{w}\n随着这个发现在我脑中慢慢消化，我的心跳得飞快。{w}\n王室给我的最后一段幻象，是普洛背叛我们所有人……？	他轻笑一声，双手枕在脑后，向后躺下。{w}\n随着这个发现在我脑中慢慢消化，我的心跳得飞快。{w}\n君主国给我的最后一段幻象，是普洛背叛我们所有人……？	The Monarchy 是势力专名，全篇统一为“君主国”。	[旁白] He lets out a loud sigh, and slowly rests his hand on top of mine.{w}\ | 他重重叹了口气，慢慢把手覆在我的手上。{w}\n过了一会儿，他微笑着与我十指相扣。{w}\n随着这个发现慢慢消化，我的心跳得飞快。	[旁白] What was going on...? Why would he do that...? | 这是怎么回事……？他为什么要那样做……？
batch_5.tsv	dialogue_0022.tsv	8678	char_pro	误译	Why did they hate me...?\nWhy did they throw me away like garbage?\nIf they weren't proud of me, are they proud now...?	他们为什么恨我……？\n他们为什么像扔垃圾一样把我扔掉？\n如果他们不曾以我为傲，那现在呢……？	他们为什么恨我……？\n他们为什么像扔垃圾一样把我扔掉？\n如果他们不曾以我为傲，那他们现在会以我为傲吗……？	原译漏掉“现在是否会以我为傲”的完整语义。	[char_pro] I'm sure you've already guessed it, but the boy is me.\nEvery action h | 我确定你已经猜到了，那个男孩就是我。\n每个行为都有原因。即使是像我这样恶劣的行为。\n我只想再见父母一面，面对面——然后问他们。	[char_pro] I'd do anything to learn where they are right now.\nFollow any order,  | 为了知道他们现在在哪，我什么都愿意做。\n服从任何命令，采取任何行动。\n希望你能理解，[firstname]。
batch_5.tsv	dialogue_0022.tsv	8683	旁白	误译	No matter what happened — he'd always be welcome at my side.{w}\nWe continue to kiss, the sweet scent of the candle slowly filling the room.{w}\nThe perfect atmosphere, the perfect mood, to express our feelings for one another.	无论发生什么——他永远都欢迎留在我身边。{w}\n我们继续亲吻，蜡烛的甜香慢慢充满房间。{w}\n完美的氛围，完美的情绪，去表达我们对彼此的感情。	无论发生什么，我身边永远有他的位置。{w}\n我们继续亲吻，蜡烛的甜香慢慢充满房间。{w}\n完美的氛围，完美的情绪，去表达我们对彼此的感情。	原句主语错位，读成“他欢迎自己留在我身边”。	[旁白] I lean in closer, lowering my hand down to his side.{w}\nWe kiss, and  | 我凑得更近，把手放低到他身侧。{w}\n我们接吻，我能感觉到他轻轻颤抖，仿佛很害羞。{w}\n双唇相触时，一滴泪从他眼角滑落。	[char_pro] Until The Rebellion took him in, of course.\nI'm sure you already gues | 当然，直到反抗军收留了他。\n我确定你已经猜到了，那个男孩就是我。\n我所有的行为，无论多坏，都有原因。
batch_5.tsv	dialogue_0022.tsv	8783	char_fortaime	语气	You two make a good duo. I'm just unnecessary at this point.\nBut if I became The Elder? We could all work as a team.\nIt'd be like we're a Triumvirate of our own...!	你们俩是很棒的搭档。我现在只是多余的。\n但如果我当上长老呢？我们就能作为一个团队共事。\n就像我们自己组建了一个三人执政团……！	你们俩是很棒的搭档。我现在只是多余的。\n但如果我当上长老呢？我们就能一起共事。\n就像我们自己组建了一个三人执政团……！	对话层避免现代职场词“团队”。	[char_fortaime] I know, but The Elder is {i}way{/i} more important!\nRight now, I'm st | 我知道，但长老{i}重要得多{/i}！\n现在，除非瓦莱莎出什么事，我就卡在这儿了。\n我更愿意通过别的途径晋升，你懂吧？	[char_fortaime] That's fine. You don't have to choose right now.\nBut I'd like to thin | 没关系。你不用现在就选。\n但我希望范围已经缩小到瓦莱莎或我。\n我们一辈子都在跟你和长老共事。
batch_5.tsv	dialogue_0023.tsv	8836	旁白	术语	The leaves are swaying in the wind.{w}\nA few fall down, and they soar around majestically.{w}\nWe're far enough from Eastcrown that they didn't wilt.{w}\nIt's amazing how much the spirits helped out our settlement.	树叶在风中摇曳。{w}\n几片飘落下来，庄严地盘旋飞舞。{w}\n我们离东冠足够远，所以它们没有枯萎。{w}\n精灵对我们的聚居地帮助之大，真是不可思议。	树叶在风中摇曳。{w}\n几片飘落下来，庄严地盘旋飞舞。{w}\n我们离东冠足够远，所以它们没有枯萎。{w}\n众灵对我们的聚居地帮助之大，真是不可思议。	the spirits 应译为“众灵”，不能使用“精灵”。	[旁白] The ground is soft, and full of grass.{w}\nIt's growing out of control | 地面松软，长满了草。{w}\n我一眼就注意到，它疯长得没人管。{w}\n这里没人像村里那样修剪它。{w}\n真奇怪，一条看不见的界线竟能带来	[旁白] Damek returned to the surface with Gryz at his side.{w}\nThe older man | 达梅克回到地面，格瑞兹就在他身旁。{w}\n那位年长的男人深吸一口气，享受着新鲜空气。{w}\n下面有点闷。但他们还能凑合。
batch_5.tsv	dialogue_0023.tsv	8842	char_damek	术语	Relieved, with a side of being terrified.\nAt least, that's how I feel about all of this.\nFinding another Spirit Idol. This changes everything.	如释重负，同时又怕得要命。\n至少，我对这一切的感觉就是这样。\n又找到一尊精灵灵像。这会改变一切。	如释重负，同时又怕得要命。\n至少，我对这一切的感觉就是这样。\n又找到一尊灵像。这会改变一切。	spirit idol 全篇统一为“灵像”。	[char_jit_map026_1_0_27] One step at a time. Let's not get carried away.\nI'll write them, and  | 一步一步来。别得意忘形。\n我会写信给他们，让他们知道我们发现了什么。\n这么多年过去了，我说不清自己是什么感受。	[char_jit_map026_1_0_27] We always assumed {i}that{/i} was the idol. At the altar.\nIt was alwa | 我们一直以为祭坛上{i}那尊{/i}就是灵像。\n它总是那么黯淡，我们还以为它快消亡了。\n但它其实一直在从地底深处吸取力量。
batch_5.tsv	dialogue_0023.tsv	8853	旁白	术语	Halin finally caught up with his master.{w}\nHe was slightly out of breath, having run a great distance.{w}\nBut his annoyance outweighed anything. He was lied to.	哈林终于追上了他的主人。{w}\n他跑了很远，微微有些气喘。{w}\n但恼怒压过了一切。他被骗了。	哈林终于追上了他的师父。{w}\n他跑了很远，微微有些气喘。{w}\n但恼怒压过了一切。他被骗了。	此处指 Halin 的师父 Sovy，应统一称呼。	[char_damek] Right now, they're busy with Valinorth.\nBut by the time they reroute, | 眼下，他们正忙着对付瓦利诺斯。\n但等他们改变路线时，我的军队已经就位。\n等他们踏入地下，我们就把他们全部杀光。	[char_halin] Sovy, explain yourself immediately.\nYou told me to wait in the castle | 索维，马上给我解释清楚。\n你让我在城堡中庭等着。\n要是我真照做了，你就会丢下我自己走。
batch_5.tsv	dialogue_0023.tsv	8872	char_fortaime	术语	And look at the Spirit Idol! That's so cool!\nEven if it's not lit up, it's still beautiful.	看那尊精灵灵像！太酷了！\n就算它没亮起来，也依然很美。	看那尊灵像！太酷了！\n就算它没亮起来，也依然很美。	spirit idol 全篇统一为“灵像”。	[char_valessa] Whoa, this is amazing...!\nI can't believe something like this was so  | 哇，太惊人了……！\n真不敢相信这样的东西就在这么近的地方。	[char_valessa] Mylus said it went dark when [firstname] was born...?\nI can't believe | 迈勒斯说它是在[firstname]出生时暗下去的吗……？\n真不敢相信那么多能量都在你体内。
batch_5.tsv	dialogue_0023.tsv	8881	char_fortaime	术语	I always knew that Mylus had people guard Sauleberg.\nBut I thought it was to keep the spirit idol safe.\nNow we know, it's so they don't find out it's dark.	我一直知道迈勒斯派人守卫着索尔伯格。\n但我以为那是为了保护精灵灵像。\n现在我们知道，是为了不让人发现它已经黯淡了。	我一直知道迈勒斯派人守卫着索尔伯格。\n但我以为那是为了保护灵像。\n现在我们知道，是为了不让人发现它已经黯淡了。	spirit idol 全篇统一为“灵像”。	[旁白] It appears that Mylus has people take care of this place.{w}\nThere's  | 看来迈勒斯让人打理着这个地方。{w}\n草这么短，没有别的解释。{w}\n如果这里真的荒废了，草几乎会长得跟我们一样高。	[char_valessa] So we weren't the first ones that he told, then?\nThe guards must've k | 那么，我们不是他告诉的第一批人？\n守卫们整天看守，肯定早就知道。\n我都想不出迈勒斯还这么信任谁。
batch_5.tsv	dialogue_0023.tsv	8897	char_valessa	术语	I can't believe we've lost our connection with the spirits.\nThere must be some way to get it back, right...?	真不敢相信，我们失去了与精灵的联系。\n总有办法恢复的吧，对吧……？	真不敢相信，我们失去了与众灵的联系。\n总有办法恢复的吧，对吧……？	the spirits 应译为“众灵”，不能使用“精灵”。	[旁白] So this is it. The idol that gave me its power.{w}\nAgainst my will, I | 就是它了。赋予我力量的灵像。{w}\n违背我的意愿，我被选中去承担这份更伟大的命运。{w}\n瓦利诺斯最后的女先知。也许，还是阿莱斯蒂亚的救	[char_fortaime] Are you sure we lost it, though?\nIt's still here, just inside of [fir | 可你确定我们失去了吗？\n它还在，就在[firstname]体内。
batch_5.tsv	dialogue_0023.tsv	8905	旁白	术语	We look at each other, and smile.{w}\nThere had to be a way to reconnect Valinorth with the spirits.{w}\nWe had a long journey ahead of us, and plenty of time to learn how.	我们相视而笑。{w}\n一定有办法让瓦利诺斯重新与精灵相连。{w}\n前路漫长，我们有充足的时间去弄清楚。	我们相视而笑。{w}\n一定有办法让瓦利诺斯重新与众灵相连。{w}\n前路漫长，我们有充足的时间去弄清楚。	the spirits 应译为“众灵”，不能使用“精灵”。	[char_valessa] Yeah, that's what I was thinking.\nMaybe this is only temporary, and t | 是啊，我也是这么想的。\n也许这只是暂时的，它们会回来的。\n我们赢了之后，[firstname]就不需要这份力量了，对吧？	[旁白] It looks like these bridges lead to The Outlook.{w}\nIt's technically  | 这些桥似乎通向观景台。{w}\n严格来说，那是通往阿莱斯蒂亚其他地区的出口。{w}\n一条漫长的山道会把你带到大陆。
batch_5.tsv	dialogue_0023.tsv	8910	char_valessa	术语	I can't believe we've lost our connection with the spirits.\nThere must be some way to get it back, right...?	真不敢相信，我们失去了与精灵的联系。\n总有办法恢复的吧，对吧……？	真不敢相信，我们失去了与众灵的联系。\n总有办法恢复的吧，对吧……？	the spirits 应译为“众灵”，不能使用“精灵”。	[旁白] So this is it. The idol that gave me its power.{w}\nAgainst my will, I | 就是它了。赋予我力量的灵像。{w}\n违背我的意愿，我被选中去承担这份更伟大的命运。{w}\n瓦利诺斯最后的女先知。也许，还是阿莱斯蒂亚的救	[char_fortaime] Are you sure we lost it, though?\nIt's still here, just inside of [fir | 可你确定我们失去了吗？\n它还在，就在[firstname]体内。
batch_5.tsv	dialogue_0023.tsv	8918	旁白	术语	We look at each other, and smile.{w}\nThere had to be a way to reconnect Valinorth with the spirits.{w}\nWe had a long journey ahead of us, and plenty of time to learn how.	我们相视而笑。{w}\n一定有办法让瓦利诺斯重新与精灵相连。{w}\n前路漫长，我们有充足的时间去弄清楚。	我们相视而笑。{w}\n一定有办法让瓦利诺斯重新与众灵相连。{w}\n前路漫长，我们有充足的时间去弄清楚。	the spirits 应译为“众灵”，不能使用“精灵”。	[char_valessa] Yeah, that's what I was thinking.\nMaybe this is only temporary, and t | 是啊，我也是这么想的。\n也许这只是暂时的，它们会回来的。\n我们赢了之后，[firstname]就不需要这份力量了，对吧？	[旁白] After a lengthy trek through the forest, we arrive at Peregrino.{w}\nT | 在森林里长途跋涉之后，我们抵达了佩雷格里诺。{w}\n麦酒的香气和酒馆陈年木料的气息弥漫在空气中。{w}\n终于达成目标的扎米拉松了一口气。
batch_5.tsv	dialogue_0023.tsv	8928	旁白	误译	The tone of his voice implied that he wouldn't be going with us.{w}\nIf he's seen it before, then I doubt that staying behind was a big deal.{w}\nBut for some reason, Fortaime and Valessa seem a bit upset at hearing this.	他的语气暗示他不会和我们一起去。{w}\n如果他以前见过，那我想留下来也没什么大不了。{w}\n但不知为何，福泰姆和瓦莱莎听到后似乎有些失落。	他的语气暗示他不会和我们一起去。{w}\n如果他以前见过，那我想他留下来也没什么大不了。{w}\n但不知为何，福泰姆和瓦莱莎听到后似乎有些失落。	原译把“他留下”误写成了“我留下”。	[char_jit_map008_1_0_111] Absolutely not. \nEven aside from the deforesting, trees are scarce.\n | 绝对不会。 \n就算不谈滥伐的事，那里的树也很稀少。\n那会是很美的景色，我相信你会喜欢的。	[char_valessa] Right, I guess you're on your own schedule now.\nYou only had to bring | 也是，我猜你现在有自己的安排。\n你只需要把我们带到佩雷格里诺。
batch_5.tsv	dialogue_0023.tsv	9001	char_ulric	其他	I'll be honest. He knew he was going to die. He used his final moments to get the blade.\nSome people think it's a little fishy. How could we win so easily? Did they let us win?\nI don't think it's that deep. They just didn't expect our leader to effectively commit suicide.	老实说，他知道自己会死。他用最后的时刻拿到了那把剑。\n有些人觉得有点蹊跷。我们怎么能赢得这么容易？是他们故意放水吗？\n我觉得没那么复杂。他们只是没料到我方领袖会等同于自杀。	老实说，他知道自己会死。他用最后的时刻拿到了那把剑。\n有些人觉得有点蹊跷。我们怎么能赢得这么容易？是他们故意放水吗？\n我觉得没那么复杂。他们只是没料到我方领袖会那样自杀式进攻。	“会等同于自杀”是英文式表达，不符合自然中文。	[char_ulric] It wasn't too long ago. Maybe half a year. The Rebellion planned an at | 不算太久，大概半年前。反抗军策划了一次袭击。\n我们之前的那位领袖把它计划到了{i}最细微{/i}的细节。\n偷走那把剑，摸清他们城堡的地形	[char_ulric] I was. Change the subject. | 我确实会。换个话题吧。
batch_5.tsv	dialogue_0023.tsv	9004	char_ulric	其他	I guess breaking Valinorth's non-partisan stance made perfect sense to him.\nEvery little piece was in place. The liberation of Alestia was finally attainable.\nI just hope that you're everything he thought you'd be. Wielding that blade isn't easy.	我猜打破瓦利诺斯的中立立场，在他看来完全合理。\n每一小块拼图都各就各位。阿莱斯蒂亚的解放终于触手可及。\n我只希望你能如他所想的那般。挥舞那把剑可不容易。	我猜打破瓦利诺斯的中立立场，在他看来完全合理。\n每一小块拼图都各就各位。阿莱斯蒂亚的解放终于触手可及。\n我只希望你不负他的期望。挥舞那把剑可不容易。	“希望你能如他所想的那般”缺少谓语，语义不完整。	[char_ulric] I'm sure you won't. I don't think any of us will.\nThe scope of his pl | 我相信你不会。我觉得我们谁都不会。\n他谋划的规模远超我的想象。\n身为瓦利诺斯的长老，他把你参与的每个环节都计划好了。	[char_ulric] He already is, and I'm happy to serve him. Things are going swimmingly | 他已经是了，我很乐意为他效力。一切进展顺利。\n而且他也是反抗军的创始成员之一，这也有帮助。\n不过那时候他还太年轻，不能领导。现在情况不同
batch_5.tsv	dialogue_0023.tsv	9008	char_ulric	术语	I'm still surprised though, he had a small vision when he did.\nPerhaps he has some spiritual energy inside of him...\nEither way — hopefully I went out in a blaze of glory.	不过我还是很惊讶，他那样做时看到了一个小幻象。\n也许他体内也有某种精灵之力……\n不管怎样——但愿我是轰轰烈烈地死去的。	不过我还是很惊讶，他那样做时看到了一个小幻象。\n也许他体内也有某种灵力……\n不管怎样——但愿我是轰轰烈烈地死去的。	spiritual energy 全篇宜统一为“灵力”。	[char_ulric] Wait — he used The Blade of Exodus on me? That's impossible.\nThere's  | 等等——他用放逐之刃对我施了法？这不可能。\n他绝不可能驾驭它。你是唯一能做到的人。\n就连达梅克第一次碰它时都差点死掉。	[char_ulric] Yeah, that sounds like me. I wouldn't have it any other way.\nI'm just | 是啊，那听起来像我。我也不想以别的方式死去。\n我只庆幸这个幻象不会成真。我还有很多日子要活。\n不过这让我好奇——看到那样的东西，究竟是为
batch_5.tsv	dialogue_0023.tsv	9010	char_ulric	术语	I can understand a vision of Valinorth being attacked. But seeing me, and watching me die?\nWe've never even met. How is it possible to know what I look like, and how I act?\nI know the spirits give visions of the future, but that's so specific; and it won't happen.	我能理解看到瓦利诺斯遭袭的幻象。但看到我，亲眼看着我死？\n我们甚至从未见过面。怎么可能知道我的长相和举止？\n我知道精灵会赐予未来的幻象，但那也太具体了；而且它不会发生。	我能理解看到瓦利诺斯遭袭的幻象。但看到我，亲眼看着我死？\n我们甚至从未见过面。怎么可能知道我的长相和举止？\n我知道众灵会赐予未来的幻象，但那也太具体了；而且它不会发生。	the spirits 应译为“众灵”，不能使用“精灵”。	[char_ulric] Yeah, that sounds like me. I wouldn't have it any other way.\nI'm just | 是啊，那听起来像我。我也不想以别的方式死去。\n我只庆幸这个幻象不会成真。我还有很多日子要活。\n不过这让我好奇——看到那样的东西，究竟是为	[char_ulric] Sovy is an incredibly strong adversary, even without the blade.\nBut i | 索维是个强得可怕的对手，就算没有那把剑也一样。\n但如果他能驾驭它呢？我们最好确保它永远不落进他手里。\n他的力量——再加上那把剑？我不容易
batch_5.tsv	dialogue_0023.tsv	9012	char_ulric	术语	There's no way he should be able to. I imagine even {i}you're{/i} having trouble.\nIt's not meant for just anybody to wield. You need an incredible spiritual connection.\nDamek might have a small one, but Sovy? A man like that has {i}no{/i} connection to the spirits.	他绝不可能做到。我猜就连{i}你{/i}驾驭起来也很吃力。\n它不是随便什么人都能用的。你需要与精灵有非同寻常的联结。\n达梅克或许有一点，但索维？那样的人与精灵{i}毫无{/i}联结。	他绝不可能做到。我猜就连{i}你{/i}驾驭起来也很吃力。\n它不是随便什么人都能用的。你需要与众灵有非同寻常的联结。\n达梅克或许有一点，但索维？那样的人与众灵{i}毫无{/i}联结。	the spirits 应译为“众灵”，不能使用“精灵”。	[char_ulric] Sovy is an incredibly strong adversary, even without the blade.\nBut i | 索维是个强得可怕的对手，就算没有那把剑也一样。\n但如果他能驾驭它呢？我们最好确保它永远不落进他手里。\n他的力量——再加上那把剑？我不容易	[char_ulric] Hard to say. That depends on your ability to wield it.\nThe Triumvirat | 很难说。那取决于你驾驭它的能力。\n三人执政团持有那把剑过了漫长的岁月。你没有那么多时间。\n不是想给你太多压力。只是事实如此。
batch_5.tsv	dialogue_0023.tsv	9016	char_ulric	语气	You mean how do I feel without our most valuable assets? Pretty terrible.\nWithout visions to guide us, and the power of that blade, we'd be dead.\nThere's no way we could take them down through conventional means.	你是说失去我们最宝贵的资产后我感觉如何？糟透了。\n没有幻象指引我们，没有那把剑的力量，我们早就死了。\n我们绝不可能用常规手段扳倒他们。	你是说失去我们最宝贵的战力后我感觉如何？糟透了。\n没有幻象指引我们，没有那把剑的力量，我们早就死了。\n我们绝不可能用常规手段扳倒他们。	“资产”是现代商业词，指人时应改为“战力”。	[char_ulric] Too bad we can't avoid what's coming to Valinorth.\nWhen Damek touched | 可惜我们避不开降临瓦利诺斯的事。\n达梅克碰那把剑时，他看见瓦利诺斯陷落，反抗军获胜。\n看来他接受了所看到的一切。幸好你没有，否则我就死定	[char_ulric] However — at the moment, everything is in our favor. Everything.\nWe j | 不过——眼下，一切都有利于我们。一切。\n我们只需小心行事。{i}千万不要{/i}让三人执政团或索维夺回那把剑。\n只要做到这点，胜利就等同
batch_5.tsv	dialogue_0023.tsv	9059	char_ulric	术语	The occupation didn't make things too much better. It's still dangerous.\nMazeo's spirit idol was also on its final days. Dim and defeated.\nAt least, that's what we thought — until very recently.	占领也没让情况好多少。那里依然危险。\n马泽奥的精灵灵像也到了最后的日子。黯淡而衰败。\n至少我们一直是这么以为的——直到最近。	占领也没让情况好多少。那里依然危险。\n马泽奥的灵像也到了最后的日子。黯淡而衰败。\n至少我们一直是这么以为的——直到最近。	spirit idol 全篇统一为“灵像”。	[char_ulric] Lots of pirates, and people who are after money, no matter what.\nDon' | 有很多海盗，还有很多为钱什么都干得出来的人。\n别随便相信人，也别从陌生人手里买东西。\n你还没遇到一个正经人，就先被坑被抢了。	[char_ulric] Well, there's a church in Mazeo. It's supposed to be for Triumvirate w | 嗯，马泽奥有座教堂。本该是用来供奉三人执政团的。\n那里的祭坛上摆着一尊非常黯淡的灵像。我们以为它快消亡了。\n但它根本不是真正的灵像。真正
batch_5.tsv	dialogue_0023.tsv	9060	char_ulric	术语	Well, there's a church in Mazeo. It's supposed to be for Triumvirate worship.\nAt the altar there, rests a very dim spirit idol. We assumed it was dying.\nBut it's not even the true spirit idol. The true one rests deep underground.	嗯，马泽奥有座教堂。本该是用来供奉三人执政团的。\n那里的祭坛上摆着一尊非常黯淡的精灵灵像。我们以为它快消亡了。\n但它根本不是真正的精灵灵像。真正的那尊深埋在地下。	嗯，马泽奥有座教堂。本该是用来供奉三人执政团的。\n那里的祭坛上摆着一尊非常黯淡的灵像。我们以为它快消亡了。\n但它根本不是真正的灵像。真正的那尊深埋在地下。	spirit idol 全篇统一为“灵像”。	[char_ulric] The occupation didn't make things too much better. It's still dangerou | 占领也没让情况好多少。那里依然危险。\n马泽奥的灵像也到了最后的日子。黯淡而衰败。\n至少我们一直是这么以为的——直到最近。	[char_ulric] The one in the church was merely {i}receiving{/i} energy from the true | 教堂里的那尊只是在从真正的灵像{i}接收{/i}能量。\n所以才那么黯淡。力量的源头远在天边。\n除了反抗军，没人知道这件事。这是我们的秘密
batch_5.tsv	dialogue_0023.tsv	9065	char_ulric	术语	If The Triumvirate did it, we have to wonder why.\nDo the spirit idols pose some threat to their rule...?\nThat's why Damek wants to try tapping into Mazeo's true idol.	如果是三人执政团干的，我们就得想想为什么。\n精灵灵像是否对他们的统治构成了某种威胁……？\n这就是达梅克想尝试汲取马泽奥那尊真灵像力量的原因。	如果是三人执政团干的，我们就得想想为什么。\n灵像是否对他们的统治构成了某种威胁……？\n这就是达梅克想尝试汲取马泽奥那尊真正灵像的力量的原因。	spirit idol 全篇统一为“灵像”。	[char_ulric] I'm not sure. It's one of Alarinthia's many legends.\nApparently, at t | 我不确定。那是阿拉林西亚众多传说之一。\n据说在历史的黎明时期，三人执政团摧毁了它。\n这就是为什么阿拉林西亚变成了今天的样子——一片干旱的	[char_ulric] The Triumvirate suspected it. That's why they were digging in Mazeo.\n | 三人执政团怀疑过。所以他们才在马泽奥挖掘。\n但二十年后，他们什么也没找到。是达梅克发现了它。\n我们决定保密。他此刻正在为它制定计划。
batch_5.tsv	dialogue_0023.tsv	9070	char_ulric	术语	Yeah. The elimination of piracy was just an excuse.\nI think they were searching for the spirit idol underneath Mazeo.\nBut what they wanted it for — and what they'd do with it — I have no idea.	是啊。剿灭海盗只是个借口。\n我觉得他们在寻找马泽奥地下的精灵灵像。\n但他们要它做什么——会拿它干什么——我毫无头绪。	是啊。剿灭海盗只是个借口。\n我觉得他们在寻找马泽奥地下的灵像。\n但他们要它做什么——会拿它干什么——我毫无头绪。	spirit idol 全篇统一为“灵像”。	[char_ulric] Yeah. The occupation didn't do much to help, no matter what anyone say | 是啊。不管别人怎么说，占领都没帮上什么忙。\n我觉得我有资格谈这件事。毕竟我在那儿住了那么久。\n那里还有活跃的海盗网络。从马泽奥往阿拉林西	[char_ulric] Probably not. Not unless they had some reason to help us. A big one.\n | 大概不会。除非他们有某种理由帮我们。而且是很重大的理由。\n一个获得解放的阿莱斯蒂亚不会容忍海盗横行，对吧？\n没理由去帮一个损害他们生计的
batch_5.tsv	dialogue_0023.tsv	9187	char_ulric	术语	Now, I already told you about the spirit idol they found in Mazeo.\nDamek wants to use you, and that blade, to tap into its power.\nHe thinks it will give us more of a chance to win this war.	那么，我已经跟你说过他们在马泽奥发现的那尊精灵灵像了。\n达梅克想利用你，还有那把剑，来汲取它的力量。\n他认为这能让我们更有机会打赢这场战争。	那么，我已经跟你说过他们在马泽奥发现的那尊灵像了。\n达梅克想利用你，还有那把剑，来汲取它的力量。\n他认为这能让我们更有机会打赢这场战争。	spirit idol 全篇统一为“灵像”。	[char_ulric] You'll be training under a pretty strict regiment.\nDamek wants you to | 你会接受相当严格的训练。\n达梅克希望你尽快掌握那把剑。	[char_ulric] If you aren't already aware, a new spirit idol was found in Mazeo.\nDa | 如果你还不知道，马泽奥发现了一尊新的灵像。\n达梅克认为我们可以利用你，还有那把剑，来汲取它的力量。\n他认为这能让我们更有机会打赢这场战争
batch_5.tsv	dialogue_0023.tsv	9188	char_ulric	术语	If you aren't already aware, a new spirit idol was found in Mazeo.\nDamek thinks we can use you, and that blade, to tap into its power.\nHe thinks it will give us more of a chance to win this war.	如果你还不知道，马泽奥发现了一尊新的精灵灵像。\n达梅克认为我们可以利用你，还有那把剑，来汲取它的力量。\n他认为这能让我们更有机会打赢这场战争。	如果你还不知道，马泽奥发现了一尊新的灵像。\n达梅克认为我们可以利用你，还有那把剑，来汲取它的力量。\n他认为这能让我们更有机会打赢这场战争。	spirit idol 全篇统一为“灵像”。	[char_ulric] Now, I already told you about the spirit idol they found in Mazeo.\nDa | 那么，我已经跟你说过他们在马泽奥发现的那尊灵像了。\n达梅克想利用你，还有那把剑，来汲取它的力量。\n他认为这能让我们更有机会打赢这场战争。	[char_fortaime] Wait, a {i}new{/i} spirit idol!? I didn't know that could happen.\nI t | 等等，一尊{i}新的{/i}灵像！？我不知道还能这样。\n我以为所有的灵像早就都被记录在案了。
batch_5.tsv	dialogue_0023.tsv	9189	char_fortaime	术语	Wait, a {i}new{/i} spirit idol!? I didn't know that could happen.\nI thought we had all of them mapped out for a long time.	等等，一尊{i}新的{/i}精灵灵像！？我不知道还能这样。\n我以为所有的灵像早就都被记录在案了。	等等，一尊{i}新的{/i}灵像！？我不知道还能这样。\n我以为所有的灵像早就都被记录在案了。	spirit idol 全篇统一为“灵像”。	[char_ulric] If you aren't already aware, a new spirit idol was found in Mazeo.\nDa | 如果你还不知道，马泽奥发现了一尊新的灵像。\n达梅克认为我们可以利用你，还有那把剑，来汲取它的力量。\n他认为这能让我们更有机会打赢这场战争	[char_ulric] I'll assume your studying abilities are limited in Valinorth.\nBut the | 我猜你们在瓦利诺斯的学习条件有限。\n但那次占领只是三人执政团真正目的的掩护。\n他们在找这尊灵像——好摧毁它。
batch_5.tsv	dialogue_0023.tsv	9190	char_ulric	术语	I'll assume your studying abilities are limited in Valinorth.\nBut the occupation was just a cover for The Triumvirate's true goal.\nThey were looking for this spirit idol — so they could destroy it.	我猜你们在瓦利诺斯的学习条件有限。\n但那次占领只是三人执政团真正目的的掩护。\n他们在找这尊精灵灵像——好摧毁它。	我猜你们在瓦利诺斯的学习条件有限。\n但那次占领只是三人执政团真正目的的掩护。\n他们在找这尊灵像——好摧毁它。	spirit idol 全篇统一为“灵像”。	[char_fortaime] Wait, a {i}new{/i} spirit idol!? I didn't know that could happen.\nI t | 等等，一尊{i}新的{/i}灵像！？我不知道还能这样。\n我以为所有的灵像早就都被记录在案了。	[char_valessa] Whoa, hold on!\nWhy would they want to do that...? | 哇，等等！\n他们为什么要那么做……？
batch_5.tsv	dialogue_0023.tsv	9195	char_valessa	术语	So Damek wants to use this new spirit idol for power?\nIsn't that risky? Does he even know what will happen?	所以达梅克想用这尊新的精灵灵像来获取力量？\n那不是很冒险吗？他到底知不知道会发生什么？	所以达梅克想用这尊新的灵像来获取力量？\n那不是很冒险吗？他到底知不知道会发生什么？	spirit idol 全篇统一为“灵像”。	[char_ulric] It was so long ago that they almost never had one.\nThat's why it turn | 那是太久以前的事了，他们几乎像从没有过灵像一样。\n这就是它变成了如今这片干旱荒原的原因。\n就像瓦利诺斯可能会冻结冰封一样——有可能。	[char_ulric] Nope, this has never been done before.\nUnless, of course, we're talki | 不知道，这种事从来没人做过。\n当然，除非说的是你这位朋友。
batch_5.tsv	dialogue_0023.tsv	9197	旁白	术语	He stares directly at me. He must be talking about my power.{w}\nIt was gifted to me directly from Valinorth's now-dim spirit idol.	他直直地盯着我。他一定是在说我的力量。{w}\n那是瓦利诺斯如今已黯淡的精灵灵像直接赐予我的。	他直直地盯着我。他一定是在说我的力量。{w}\n那是瓦利诺斯如今已黯淡的灵像直接赐予我的。	spirit idol 全篇统一为“灵像”。	[char_ulric] Nope, this has never been done before.\nUnless, of course, we're talki | 不知道，这种事从来没人做过。\n当然，除非说的是你这位朋友。	[char_fortaime] You mean he wants to use the power on people!? | 你是说他想把那股力量用在人身上！？
batch_5.tsv	dialogue_0024.tsv	9236	char_jit_map008_1_0_111	术语	Didn't Damek frequent those underground tunnels?\nMaybe he was exposed to some level of spiritual energy.\nAt least enough to let him have a vision, or something.	达梅克不是常去那些地下隧道吗？\n也许他接触过某种程度的灵能量。\n至少足以让他看到幻象之类的。	达梅克不是常去那些地下隧道吗？\n也许他接触过某种程度的灵力。\n至少足以让他看到幻象之类的。	spiritual energy 全篇宜统一为“灵力”。	[char_pro] Yeah — now that you mention it. | 是啊——你这么一说。	[char_pro] I... don't think that's how it works. | 我……不觉得那是靠这种方式运作的。
batch_5.tsv	dialogue_0024.tsv	9253	char_jit_map008_1_0_111	术语	Didn't Damek frequent those underground tunnels?\nMaybe he was exposed to some level of spiritual energy.\nAt least enough to let him have a vision, or something.	达梅克不是常去那些地下隧道吗？\n也许他接触过某种程度的灵能量。\n至少足以让他看到幻象之类的。	达梅克不是常去那些地下隧道吗？\n也许他接触过某种程度的灵力。\n至少足以让他看到幻象之类的。	spiritual energy 全篇宜统一为“灵力”。	[char_pro] Yeah — now that you mention it. | 是啊——你这么一说。	[char_pro] I... don't think that's how it works. | 我……不觉得那是靠这种方式运作的。
batch_5.tsv	dialogue_0024.tsv	9313	char_pro	术语	Watching him on the war table is nothing short of an honor.\nI can't wait to get an interview with the guy. His story needs to be told.\nAfter this all blows over, I'm sure he'll go down in history as a hero.	看他在作战沙盘前运筹帷幄，简直是一种荣幸。\n我迫不及待想采访他。他的故事值得被讲述。\n等这一切平息之后，我敢肯定他会作为英雄载入史册。	看他在作战桌前运筹帷幄，简直是一种荣幸。\n我迫不及待想采访他。他的故事值得被讲述。\n等这一切平息之后，我敢肯定他会作为英雄载入史册。	War Table 应与既有“作战桌”译法统一。	[char_pro] He's a really nice guy, and we've shared a lot of the same struggles.\ | 他是个很好的人，我们经历过许多相同的磨难。\n要说并肩作战，我最想跟的就是他。我是认真的。\n他的战术，他的谋略——真的非同凡响。	[char_pro] Did you... not hear what I just said?\nI mean, of course he is. He's t | 你……没听见我刚说的话吗？\n我是说，他当然厉害。他是最棒的。\n不仅能力出众，还超出预期。
batch_5.tsv	dialogue_0024.tsv	9321	char_pro	术语	With the right training, I think you'll be fine.\nSo that's what we'll do when we get to Mazeo. Train.\nAnd no complaining about the hours. The fate of Alestia is at stake.	只要训练得当，我想你会没事的。\n所以到了马泽奥我们就这么办。训练。\n还有，别抱怨训练时间长。阿拉斯蒂亚的命运危在旦夕。	只要训练得当，我想你会没事的。\n所以到了马泽奥我们就这么办。训练。\n还有，别抱怨训练时间长。阿莱斯蒂亚的命运危在旦夕。	Alestia 的既定译名为“阿莱斯蒂亚”。	[char_pro] With the right strategy, and that special blade? Of course.\nI'm just  | 有正确的战略，再加上那把特殊的剑？当然。\n我只是庆幸达梅克是我见过最出色的战略家。\n然后就是你。对你我还没那么有把握。	[char_pro] Oh, sure. What did you want to talk about? | 哦，当然。你想聊什么？
batch_5.tsv	dialogue_0024.tsv	9370	char_pro	术语	Their rule goes really far back. Like, we don't know about a time {i}without{/i} them.\nA lot of people on Alestia consider them Gods, and say they created our world.\nBut there's no way to know for sure. They never answer questions like that.	他们的统治可以追溯到很久以前。久到我们不知道还有{i}没有{/i}他们的时代。\n阿拉斯蒂亚的很多人把他们当作神明，说他们创造了我们的世界。\n但无从确证。他们从不回答这类问题。	他们的统治可以追溯到很久以前。久到我们不知道还有{i}没有{/i}他们的时代。\n阿莱斯蒂亚的很多人把他们当作神明，说他们创造了我们的世界。\n但无从确证。他们从不回答这类问题。	Alestia 的既定译名为“阿莱斯蒂亚”。	[char_pro] Not much, to be honest. But probably more than most.\nI pride myself o | 说实话，知道得不多。但大概比大多数人多一些。\n我引以为傲的就是能搜集到些稀奇古怪的情报。\n要说古怪——他们还真名副其实。	[char_pro] It's really rare that they come out of their chambers. I've never seen | 他们极少走出自己的居所。我从没见过。\n我开始怀疑自己到底见不见得到。我敢打赌我们会在那里将他们扳倒。\n我们试过引他们出来，但从没成功。他
batch_5.tsv	dialogue_0024.tsv	9377	char_pro	术语	It has the ability to repurpose our spiritual energy.\nThat's how they make their army, right?\nMaybe they used it to gain immortality, too.	它有能力重新利用我们的灵能量。\n他们就是这样组建军队的，对吧？\n也许他们也用它来获得永生。	它有能力重新利用我们的灵力。\n他们就是这样组建军队的，对吧？\n也许他们也用它来获得永生。	spiritual energy 全篇宜统一为“灵力”。	[char_pro] I'm not really sure that Gods exist.\nAt least, not in the conventiona | 我不太确定神是否真的存在。\n至少不是传统意义上的那种。\n那把{i}剑{/i}倒几乎像个神明。	[char_pro] If that's true — then where did the blade come from?\nI'm terrified ju | 如果那是真的——那这把剑又是从哪来的？\n光是想想我就毛骨悚然。那东西{i}究竟{/i}是什么？
batch_5.tsv	dialogue_0024.tsv	9379	char_pro	术语	I don't think any ruler is truly evil.\nThe needs of a world and its people are always changing.\nI think they're out of touch on what Alestia needs right now.	我认为没有哪个统治者是真正邪恶的。\n一个世界及其人民的需求总是在变。\n我觉得他们已经不了解阿拉斯蒂亚现在需要什么了。	我认为没有哪个统治者是真正邪恶的。\n一个世界及其人民的需求总是在变。\n我觉得他们已经不了解阿莱斯蒂亚现在需要什么了。	Alestia 的既定译名为“阿莱斯蒂亚”。	[char_pro] If that's true — then where did the blade come from?\nI'm terrified ju | 如果那是真的——那这把剑又是从哪来的？\n光是想想我就毛骨悚然。那东西{i}究竟{/i}是什么？	[char_pro] And in their heads — I'm sure they consider themselves good.\nI'm sure | 而在他们自己看来——我相信他们自认为是善的。\n我相信他们为自己做过的所有可怕之事都有理由。\n我知道反抗军肯定也有。我们的手可不算干净。
batch_5.tsv	dialogue_0024.tsv	9406	char_ulric	其他	Aren't you two a little young to be drinking?	你们俩喝酒是不是太年轻了点？	你们俩喝酒是不是还太年轻了？	原句语序生硬，不符合中文疑问句习惯。	[char_valessa] Seriously...? | 真的吗……？	[char_fortaime] Nope! Valessa is just being a spoilsport. | 才不呢！是瓦莱莎太扫兴了。
batch_5.tsv	dialogue_0024.tsv	9414	char_ulric	术语	Isn't that because of the spiritual energy?	那不是因为灵能量吗？	那不是因为灵力吗？	spiritual energy 全篇宜统一为“灵力”。	[char_fortaime] Why is there a fireplace in here...?\nValinorth is always the perfect  | 这里为什么会有壁炉……？\n瓦利诺斯的温度一向恰到好处。	[char_valessa] Yeah, it keeps everything warm and cozy.\nWithout it, Valinorth would  | 是啊，它让一切都温暖舒适。\n没有它，瓦利诺斯会是一片冰封的荒原。
batch_5.tsv	dialogue_0024.tsv	9418	char_pro	术语	Don't say {i}never{/i}, Fortaime.\nI'm sure we'll figure it out one day.\nAlestia won't be unmapped forever.	别说{i}永远{/i}，福泰姆。\n我相信总有一天我们会弄清楚的。\n阿拉斯蒂亚不会永远是未知的。	别说{i}永远{/i}，福泰姆。\n我相信总有一天我们会弄清楚的。\n阿莱斯蒂亚不会永远是未知的。	Alestia 的既定译名为“阿莱斯蒂亚”。	[char_fortaime] Oh, you must be talking about Eastcrown.\nEveryone wanders what's up t | 哦，你说的肯定是东冠峰。\n人人都好奇那上面有什么，但我们永远不会知道。	[char_fortaime] Not within our lifetimes, I'm sure. | 我敢肯定，不会在我们有生之年。
batch_5.tsv	dialogue_0024.tsv	9456	旁白	术语	At least I didn't. Regardless of my feelings, I couldn't turn my back on Alestia.{w}\nIf I did that — I'd be saying my own life was more important than our entire world.{w}\nNo matter how hard I tried, there's no way I could convince myself that was true.	至少我没有选择。不管我心里怎么想，我都无法背弃阿拉斯蒂亚。{w}\n如果我那样做——就等于在说我的命比整个世界更重要。{w}\n无论怎么努力，我都没法说服自己那是真的。	至少我没有选择。不管我心里怎么想，我都无法背弃阿莱斯蒂亚。{w}\n如果我那样做——就等于在说我的命比整个世界更重要。{w}\n无论怎么努力，我都没法说服自己那是真的。	Alestia 的既定译名为“阿莱斯蒂亚”。	[旁白] I let that settle in for a while. It'd be almost impossible to sleep a | 我让这个念头在心里沉淀了一会儿。就现状而言，几乎不可能睡得着。{w}\n我们所有人的生活都在一瞬间被彻底翻转。不仅如此，还被置于危险之中。{	[旁白] I sit on the edge of the bed, and let out a loud sigh as I lay back. | 我坐在床边，躺下时长长地叹了口气。
batch_5.tsv	dialogue_0024.tsv	9496	char_valessa	术语	That won't happen again, and Fortaime can't see that.\nHe wants to unite with the rest of Alestia, and give up our identity.\nWhy waste all of our resources preparing for something that won't happen.	那样的事不会再发生，而福泰姆看不到这一点。\n他想和阿拉斯蒂亚其他地方联合，放弃我们的身份。\n为什么要浪费我们所有人力，去防备一件不会发生的事。	那样的事不会再发生，而福泰姆看不到这一点。\n他想和阿莱斯蒂亚其他地方联合，放弃我们的身份。\n为什么要浪费我们所有人力，去防备一件不会发生的事。	Alestia 的既定译名为“阿莱斯蒂亚”。	[char_valessa] Whatever comes our way, we can handle it on our own.\nThat's the way i | 无论遇到什么，我们都能独自应对。\n几千年来一直如此。\n如今的事之所以发生，只是因为我们激起了三人执政团的怒火。	[char_valessa] And to that end, why did you want to convert this place into a barrack | 说到这个，你为什么要把这里改造成兵营？\n我觉得它本身就很美。它增添了我们文化的气息。\n把它变成一场我们永远用不上的军事行动？我不理解……
batch_5.tsv	dialogue_0024.tsv	9508	char_fortaime	术语	We can travel the world together, creating alliances!\nAfter we save Alestia, we can reconnect with the spirits, too!\nWe'll have a huge network of allies — ready to take on any challenge.	我们可以一起周游世界，缔结同盟！\n等我们拯救了阿拉斯蒂亚，还能重新与众灵建立联系！\n我们会有一个庞大的盟友网络——随时准备迎接任何挑战。	我们可以一起周游世界，缔结同盟！\n等我们拯救了阿莱斯蒂亚，还能重新与众灵建立联系！\n我们会有一个庞大的盟友网络——随时准备迎接任何挑战。	Alestia 的既定译名为“阿莱斯蒂亚”。	[char_fortaime] Yeah, it means we're finally a team!\nI won't just be \"tagging along\ | 当然，这意味着我们终于成了一支队伍！\n我不再只是“跟着凑数”了。\n如今我们三个{i}就是{/i}瓦利诺斯。	[char_fortaime] I'm going to change history. This is insane.\nThank you so much! I don | 我要改变历史了。这太疯狂了。\n太感谢你了！我都不知道该说什么了……！
batch_5.tsv	dialogue_0024.tsv	9532	旁白	术语	Not only that, but our culture, and hierarchy were important too.{w}\nThere'd be no place for Seers and Scribes in the rest of Alestia.{w}\nAfter this was all said and done, Valinorth would remain strong and free.	不仅如此，我们的文化和等级制度也很重要。{w}\n在阿拉斯蒂亚其他地方，先知和书记官将无处容身。{w}\n等这一切尘埃落定，瓦利诺斯仍会强大而自由。	不仅如此，我们的文化和等级制度也很重要。{w}\n在阿莱斯蒂亚其他地方，先知和书记官将无处容身。{w}\n等这一切尘埃落定，瓦利诺斯仍会强大而自由。	Alestia 的既定译名为“阿莱斯蒂亚”。	[旁白] I needed to side with Valessa, she was right.{w}\nWe only got involved | 我需要站在瓦莱莎这边，她是对的。{w}\n我们卷进这一切，只是因为和马泽奥的联盟。{w}\n如果我们保持独立，瓦利诺斯会安然无恙。	[char_valessa] Yes! I knew we were on the same page!\nI can't thank you enough for th | 太好了！我就知道我们想法一致！\n真不知该怎么谢你。真的。\n我之前好怕我们会失去瓦利诺斯。
batch_5.tsv	dialogue_0024.tsv	9579	char_the_triumvirate	术语	Do you act in Alestia's best interests? Or in the spirits?\nUntil now, everyone in Valinorth assumed that the two aligned.\nBut things are changing. They're starting to make a push.	你是为阿拉斯蒂亚的最大利益行事？还是为众灵？\n直到如今，瓦利诺斯所有人都以为二者是一致的。\n但情况在变。他们开始有所行动了。	你是为阿莱斯蒂亚的最大利益行事？还是为众灵？\n直到如今，瓦利诺斯所有人都以为二者是一致的。\n但情况在变。他们开始有所行动了。	Alestia 的既定译名为“阿莱斯蒂亚”。	[char_the_triumvirate] That power within you is a truly wonderful thing.\nSo much strength, g | 你体内的那份力量真是奇妙。\n如此强大的力量，是灵界赐予你的。\n但你得问问自己——它真的是一份馈赠吗……？	[旁白] I strain myself, trying to move, but to no avail.{w}\nWhatever they've | 我拼命挣扎想动，却毫无用处。{w}\n不管他们做了什么，他们已经接管了我身体的控制权。
batch_5.tsv	dialogue_0024.tsv	9583	旁白	术语	They motion to the idol at the back of the room, before waving their arm.{w}\nAs the ability to move returns to my body, I stumble, failing to balance myself.{w}\nHow is it possible to do this...? Can they manipulate spiritual energy without the blade?	他们指向房间后方的灵像，然后一挥手。{w}\n当身体恢复行动能力时，我踉跄了一下，没能站稳。{w}\n这怎么可能做到……？他们不用那把剑就能操控灵能量吗？	他们指向房间后方的灵像，然后一挥手。{w}\n当身体恢复行动能力时，我踉跄了一下，没能站稳。{w}\n这怎么可能做到……？他们不用那把剑就能操控灵力吗？	spiritual energy 全篇宜统一为“灵力”。	[char_the_triumvirate] Before you go, I did call you here for one purpose. | 在你离开之前，我叫你来这里确实有一个目的。	[旁白] I regain my balance, and immediately turn to look at the idol. | 我稳住身形，立刻转头看向那尊灵像。
batch_5.tsv	dialogue_0024.tsv	9597	char_fortaime	其他	Oh, hey! Good morning, [firstname].\nI saw all this dust, and couldn't help myself.\nSure, it lost me a few hours of sleep, but I don't care.	哦，嘿！早上好，[firstname]。\n看到这么多灰尘，我实在忍不住。\n是，这让我少睡了几小时，但我不在乎。	哦，嘿！早上好，[firstname]。\n看到这么多灰尘，我实在忍不住。\n确实，这让我少睡了几小时，但我不在乎。	“是，这让我……”句首残缺，改为自然承接。	[旁白] The sun shines through the window, illuminating the room.{w}\nI can se | 阳光透过窗户照进来，照亮了房间。{w}\n我能看到到处都蒙着厚厚的灰尘。留宿的客人肯定很少。{w}\n我环视房间，注意到有一整块地方没有灰尘	[char_fortaime] Oh, hey! Good morning, [firstname].\nI saw all this dust, and couldn't | 哦，嘿！早上好，[firstname]。\n看到这么多灰尘，我实在忍不住。\n确实，这让我少睡了几小时，但我不在乎。
batch_5.tsv	dialogue_0025.tsv	9721	char_fortaime	语气	As a team — we can do this.\nI'm stronger for having you by my side.	作为一个团队——我们做得到。\n有你在身边，我变得更强了。	只要并肩作战——我们做得到。\n有你在身边，我变得更强了。	对话层避免现代职场词“团队”。	[char_valessa] Are you ready, [firstname]...?\nI guess this is where things truly beg | 你准备好了吗，[firstname]……？\n我想，一切真正开始的地方，就是这里了。	[旁白] Ulric takes a few steps back, letting us have our moment.{w}\nHe knew  | 乌尔里克后退了几步，把这一刻留给我们。{w}\n他知道这对我们三个人有多重要。{w}\n这也许是我们一生中最重要的时刻。
batch_5.tsv	dialogue_0025.tsv	9731	char_the_triumvirate	术语	It appears that things have finally begun.\nDid you have your audience with The Seer, Master?	看来一切终于开始了。\n师父，您和先知会过面了吗？	看来一切终于开始了。\n主上，您和先知会过面了吗？	此处 Master 是执政团首领的敬称，不是师徒关系。	[旁白] The Triumvirate gathered in their chambers, near the glowing idol.{w}\ | 三人执政团聚在内室里，靠近那尊发光的灵像。{w}\n他们脸上带着淡淡的笑意，凝视着它深处的腐化。{w}\n四下无人，他们不必再装模作样。	[char_the_triumvirate] It appears that things have finally begun.\nDid you have your audience | 看来一切终于开始了。\n主上，您和先知会过面了吗？
batch_5.tsv	dialogue_0025.tsv	9732	char_the_triumvirate	术语	It appears that things have finally begun.\nDid you have your audience with The Seeress, Master?	看来一切终于开始了。\n师父，您和先知会过面了吗？	看来一切终于开始了。\n主上，您和先知会过面了吗？	此处 Master 是执政团首领的敬称，不是师徒关系。	[char_the_triumvirate] It appears that things have finally begun.\nDid you have your audience | 看来一切终于开始了。\n主上，您和先知会过面了吗？	[char_the_triumvirate] Yes, indeed.\nIt went just as planned.\nDoubt is a very powerful weapo | 是的，没错。\n一切都在计划之中。\n怀疑是非常强大的武器。
batch_5.tsv	dialogue_0025.tsv	9739	旁白	术语	The other Triumvir follows in turn, lowering his hood.{w}\nHowever, their master chooses not to do the same.	另一位执政官也跟着放下兜帽。{w}\n然而，他们的师父却选择不这么做。	另一位执政官也跟着放下兜帽。{w}\n然而，他们的主上却选择不这么做。	此处 master 指执政团首领，应使用“主上”。	[char_jit_map028_1_0_91] So you think this is the end...? | 所以你觉得这就是终局了……？	[char_jit_map028_1_0_108] I suppose that rests with The Seer.\nLet us watch, and see what unfold | 我想这取决于先知。\n我们就看着吧，看事情如何发展。
batch_5.tsv	dialogue_0025.tsv	9772	旁白	其他	I notice the streams of water are in full flow today.{w}\nWe siphon off water from falls higher up in the mountains.{w}\nThat's how we fill the water tank each and every day.{w}\nEach morning, every citizen does a \"water run\", so to speak.	我注意到今天水流淌得满满当当。{w}\n我们从山上更高处的瀑布引水。{w}\n我们每天就是这样把水塔灌满的。{w}\n每天早晨，每个村民都要跑一趟“取水”，可以这么说。	我注意到今天的水流很充沛。{w}\n我们从山上更高处的瀑布引水。{w}\n我们每天就是这样把水塔灌满的。{w}\n每天早晨，每个村民都要跑一趟“取水”，可以这么说。	“水流淌得满满当当”搭配错误。	[旁白] The higher up you live, the more you have to pay.{w}\nHouses up there, | 住得越高，花费就越多。{w}\n上面的房子视野绝佳，价格也贵得离谱。{w}\n当然，长老乐呵呵地住在所有人之上。{w}\n好在，他待我们的方	[旁白] These runs are a requirement for everyone in Valinorth.{w}\nWithout th | 在瓦利诺斯，每个人都必须参加取水。{w}\n要是没人做，水塔就会溢出，淹没我们的村庄。{w}\n其实我该趁早去完成自己那份。{w}\n少一个
batch_5.tsv	dialogue_0025.tsv	9818	char_valessa	语气	I must sound like an awful person right now.\nI just feel like we all need to act professionally...!	我现在听起来一定像个很糟的人。\n我只是觉得，我们都该表现得专业些……！	我现在听起来一定像个很糟的人。\n我只是觉得，我们都该拿出该有的担当……！	“表现得专业些”带有明显现代职场语感。	[char_valessa] Maybe I'm just picking up Fortaime's slack.\nI feel like the villagers | 也许我只是在替福泰姆补漏。\n我感觉村民对我们有某种“标准”。\n要是只有他一个，他远达不到那些标准。	[char_valessa] I guess so. We {i}could{/i} hate each other's guts.\nThat would make p | 也许吧。我们{i}本可以{/i}互相恨之入骨。\n那样一来，守护瓦利诺斯可就难了。\n这么一想，我觉得现在这样挺好。
batch_5.tsv	dialogue_0025.tsv	9838	旁白	误译	Pro slammed his hand of cards down on the table.{w}\nHis opponents scoffed, and shouted accusations of cheating.{w}\nHe smirked as he made his way to the bar, laughing them off.{w}\nWith his newfound riches, he'd celebrate over a drink.	普洛把手里那副牌重重摔在桌上。{w}\n他的对手嗤之以鼻，大喊他出老千。{w}\n他咧嘴轻笑，一边走向吧台，一边把那些话当耳旁风。{w}\n靠着新到手的钱财，他要喝一杯庆祝庆祝。	普洛把手里的牌重重摔在桌上。{w}\n他的对手嗤之以鼻，大喊他出老千。{w}\n他咧嘴轻笑，一边走向吧台，一边把那些话当耳旁风。{w}\n靠着新到手的钱财，他要喝一杯庆祝庆祝。	a hand of cards 指手里的一把牌，不是整副牌。	[旁白] This character is not in your party. | 该角色不在你的队伍中。	[char_pro] Only when they lose, do they accuse me of cheating.\nWhere I come from | 只有输了，他们才会说我出老千。\n在我老家，这叫输不起，艾琳。
batch_5.tsv	dialogue_0025.tsv	9928	char_sovy	术语	Halin has finished his interrogation, Masters.\nI thought it would be wise to relay the results.\nUnless you were plotting behind our backs...?	师父们，哈林已经审问完毕。\n我想把结果转达给你们才是明智之举。\n除非……你们一直在背地里谋划什么？	主上，哈林已经审问完毕。\n我想把结果转达给你们才是明智之举。\n除非……你们一直在背地里谋划什么？	Sovy 对三人执政团的称呼应与其他“主上”译法统一。	[char_the_triumvirate] Sovy, what is the meaning of this intrusion? | 索维，你这样闯入是什么意思？	[char_the_triumvirate] We would never do such a thing.\nInformation is granted to you as we s | 我们绝不会做那种事。\n情报何时给你们，由我们决定。\n就算你们暂时不知情，也不会是永久的。
batch_5.tsv	dialogue_0025.tsv	9933	char_sovy	术语	That much was obvious, Masters.\nWhy did you keep it from me for so long?\nHalin and I are more than loyal enough...!	这点显而易见，师父们。\n你们为什么瞒了我这么久？\n我和哈林已经足够忠诚了……！	这点显而易见，主上。\n你们为什么瞒了我这么久？\n我和哈林已经足够忠诚了……！	Sovy 对三人执政团的称呼应与其他“主上”译法统一。	[char_the_triumvirate] Good. Then it is time you hear the rest.\nValinorth is just a small pa | 很好。那么是时候让你听听其余的部分了。\n瓦利诺斯只是我们更大计划中的一小部分。\n我们再没有理由隐瞒这些情报了。	[char_the_triumvirate] Sovy, this is not a matter of loyalty.\nWe are sure you'll understand  | 索维，这无关忠诚。\n我们相信，你听了之后就会明白。\n怀疑我们的话，可不是明智之举。
batch_5.tsv	dialogue_0025.tsv	9978	char_valessa	术语	You've always had purpose, actually.\nBut I think I understand what you mean.\nYou aren't just another Seeress, you're special.	其实你一直都有目标。\n但我想我明白你的意思。\n你不是普通意义上的先知，你很特别。	其实你一直都有信念。\n但我想我明白你的意思。\n你不是普通意义上的先知，你很特别。	purpose 在同一分支中应统一译为“信念”。	[char_valessa] You've always had purpose, actually.\nBut I think I understand what yo | 其实你一直都有信念。\n但我想我明白你的意思。\n你不是普通意义上的先知，你很特别。	[char_valessa] There's not much else we {i}can{/i} do.\nI'm sure that Damek will have | 我们{i}能{/i}做的也不多。\n我相信达梅克有很多东西要教我们。\n也许到了那儿，我们就不会这么迷茫了。
batch_5.tsv	dialogue_0026.tsv	10025	char_valessa	误译	I know them. They typically guard the town gate.\nNo better person to carry out a secret mission in the night.\nI'm glad we'll have a guide. I was starting to worry we'd get lost.	我认识他们。他们一般是看守城门的人。\n夜里执行秘密任务，没有比他更合适的人选了。\n有向导就好，我正担心我们会迷路呢。	我认识他。他一般是看守城门的人。\n夜里执行秘密任务，没有比他更合适的人选了。\n有向导就好，我正担心我们会迷路呢。	Zamira 是单人角色，原译复数“他们”与后文人称冲突。	[char_fortaime] Alright, alright. Forget I suggested it.\nLet's get out of here before | 好吧好吧，当我没提议过。\n趁还没浪费太多时间，我们赶紧离开这儿。\n我们要去见一个叫扎米拉的人，对吧？	[char_fortaime] Yeah. None of us have ever left Valinorth before.\nI'm sure it'll be g | 是啊。我们谁都没离开过瓦利诺斯。\n肯定会很棒的。我们甚至还能去看看索尔伯格！\n拿起那把剑吧，[firstname]。村民们绝不会质疑你的
batch_5.tsv	dialogue_0026.tsv	10202	char_mylus	术语	We might be a bit behind, but we'll meet in Mazeo.\nThere's lots to plan, and little time to plan it.\nWe'll need new homes, and blades for any volunteers.	我们或许会落后一些，但会在马泽奥会合。\n要筹划的事很多，时间却很少。\n我们需要新家园，还要为志愿者备好兵器。	我们或许会落后一些，但会在马泽奥会合。\n要筹划的事很多，时间却很少。\n我们需要新家园，还要为志愿者备好剑。	blades 在术语表中统一为“剑”。	[char_mylus] Please, take the blade, and flee to Mazeo.\nWhen the ceremony is suppo | 请带上这把剑，逃去马泽奥。\n等仪式该开始的时候，我会告诉民众。\n他们都会聚集起来，疏散起来也方便。	[char_mylus] As far as I can tell, this is not up for debate.\nIf you think it is,  | 依我看，这事没得商量。\n你要是不服，就当成长老给你的命令。\n尽快动身，我们很快会再见的。
batch_5.tsv	dialogue_0026.tsv	10269	char_fortaime	其他	Please, don't change too much.\nWe're going to be fighting for peace.\nThat's not worth anything if I can't share it with {i}you{/i}.	求你，别变太多。\n我们是为和平而战。\n如果不能和你{i}一起{/i}分享，那和平就毫无意义。	求你，别变太多。\n我们是为和平而战。\n如果不能和{i}你{/i}一起分享，那和平就毫无意义。	强调标签误罩在“一起”上，应保留原文对 you 的强调。	[char_fortaime] That fight-or-die mentality is a terrible thing.\nIt can drive good me | 那种不是你死就是我活的心态太可怕了。\n它能让好人做出可怕的事。\n求你，别让这种事发生在你身上，[firstname]。	[char_fortaime] Good. I'm glad you're putting thought into it.\nDon't act recklessly i | 好。很高兴你在认真思考。\n面对胜利时别鲁莽行事。\n如果不能一起分享，胜利也毫无意义。
batch_5.tsv	dialogue_0026.tsv	10325	char_damek	误译	Of course, I'd be more than happy to!\nBut you might have to wait a bit longer.\nTapping into it requires some \"special means\".	当然，我乐意之至！\n不过你可能要再多等一阵。\n要接通它，需要一些“特殊手段”。	当然，我乐意之至！\n不过你可能要再多等一阵。\n要汲取它的力量，需要一些“特殊手段”。	tapping into it 指汲取力量，不是“接通”设备。	[char_jit_map098_1_0_36] I can't believe you've found it, Damek.\nIf you want the deed, you mus | 我真不敢相信你找到了，达梅克。\n你想要地契，就得给我独占的权限。\n别人都不许碰。我有我的打算，这事没得商量。	[char_damek] But I promise you won't be waiting much longer.\nSo please, if you wou | 但我保证你不会等太久。\n所以，请把地契交给我吧？\n等{i}他们{/i}一到，一切就归你了。
batch_5.tsv	dialogue_0026.tsv	10329	char_halin	术语	Master? You seem unwell.\nWe leave tomorrow, you should get some rest.\nI know I'm not the one to give orders, but please.	大人？您看着不太舒服。\n我们明天就出发，您该休息一下。\n我知道轮不到我来下令，但请您务必。	师父？您看着不太舒服。\n我们明天就出发，您该休息一下。\n我知道轮不到我来下令，但请您务必。	Halin 对 Sovy 的称呼应与全篇“师父”一致。	[char_sovy] Such a truth, and to think I never knew.\nThis will change everything  | 竟是这样的真相，我竟一直毫不知情。\n这会彻底改变我的行事方式。	[char_sovy] No, it has nothing to do with that.\nIt seems there is more to this at | 不，跟那无关。\n看来这次进攻的内情比我们知道的要多。\n三人执政团刚刚解释了我们真正的目标。
batch_5.tsv	dialogue_0026.tsv	10345	char_sovy	语气	I doubt he's long for this world.\nA Grand Inquisitor needs to be more than talk.\nThat, and I work {i}much{/i} better when I'm alone.	我看他活不长。\n大审判官可不能只会耍嘴皮子。\n再说，我{i}独自{/i}办事效率高得多。	我看他活不长。\n大审判官可不能只会耍嘴皮子。\n再说，我{i}独自{/i}办事快得多。	对话层避免现代职场词“效率”。	[char_shane] Right, of course. Thanks for the heads up.\nI'll remember that next ti | 对，当然。多谢提醒。\n下次他审我时我会记住这点。\n要不是我了解你，我会说你不太喜欢他。	[char_shane] Working alone, huh?\nI don't think that's a very good idea.\nWhat if y | 独自办事，是吧？\n我觉得这不是什么好主意。\n要是你陷入困境呢？那时谁来帮你？
batch_6.tsv	strings_0001.tsv	1	旁白	术语	{image=icons/819.png} \"I'm the Seeress...\"	{image=icons/819.png} “我是先知……”	{image=icons/819.png} “我是女先知……”	“Seeress”特指女性先知，应与“Seer”区分。		[旁白] {image=icons/818.png} \"I'm the Seer...\" | {image=icons/818.png} “我是先知……”
batch_6.tsv	strings_0001.tsv	55	旁白	标点	{image=icons/651.png} \"What kind of 'summit' is this?\"	{image=icons/651.png} “这算哪门子的“峰会”？”	{image=icons/651.png} “这算哪门子的‘峰会’？”	外层对话引号内应使用单引号，避免嵌套双引号混淆。	[旁白] {image=icons/651.png} \"Tell me more about Mazeo.\" | {image=icons/651.png} “再多讲讲马泽奥吧。”	[旁白] {image=icons/651.png} \"You need my input, or my power?\" | {image=icons/651.png} “你需要我的意见，还是我的力量？”
batch_6.tsv	strings_0001.tsv	69	旁白	标点	{image=icons/651.png} \"What happened to your 'birth' family, then?\"	{image=icons/651.png} “那你的“血亲”家庭怎么了？”	{image=icons/651.png} “那你的‘血亲’家庭怎么了？”	外层对话引号内应使用单引号，避免嵌套双引号混淆。	[旁白] {image=icons/651.png} \"So you get to choose your own family?\" | {image=icons/651.png} “所以你可以自己选择家人？”	[旁白] {image=icons/651.png} \"You must be exaggerating.\" | {image=icons/651.png} “你肯定是在夸张。”
batch_6.tsv	strings_0001.tsv	84	旁白	标点	{image=icons/656.png} [[Joking] \"According to your smell, it's 'no-bath day'.\"	{image=icons/656.png} [[玩笑] “闻你身上的味儿，今天是“不洗澡日”。”	{image=icons/656.png} [[玩笑] “闻你身上的味儿，今天是‘不洗澡日’。”	外层对话引号内应使用单引号，避免嵌套双引号混淆。	[旁白] {image=icons/651.png} \"Sovy, Valinorth will never fall to you.\" | {image=icons/651.png} “索维，瓦利诺斯绝不会落入你手中。”	[旁白] {image=icons/583.png} [[Flirty] \"You're here, so is it 'cute guy day' | {image=icons/583.png} [[调情] “你在这儿，那今天是‘帅哥日’吗？”
batch_6.tsv	strings_0001.tsv	85	旁白	标点	{image=icons/583.png} [[Flirty] \"You're here, so is it 'cute guy day'?\" 	{image=icons/583.png} [[调情] “你在这儿，那今天是“帅哥日”吗？”	{image=icons/583.png} [[调情] “你在这儿，那今天是‘帅哥日’吗？”	外层对话引号内应使用单引号，避免嵌套双引号混淆。	[旁白] {image=icons/656.png} [[Joking] \"According to your smell, it's 'no-ba | {image=icons/656.png} [[玩笑] “闻你身上的味儿，今天是‘不洗澡日’。”	[旁白] {image=icons/653.png} \"Whatever it is, I don't need your help.\" | {image=icons/653.png} “不管是什么，我不需要你帮忙。”
batch_6.tsv	strings_0001.tsv	99	旁白	标点	{image=icons/651.png} What do you do in your spare time?\"	{image=icons/651.png} 你空闲时间都做些什么？	{image=icons/651.png} “你空闲时间都做些什么？”	原译文缺少对话引号，与相邻选项格式不一致。	[旁白] {image=icons/651.png} \"Do I get input on who my Scribe is?\" | {image=icons/651.png} “我能对由谁做我的书记官提意见吗？”	[旁白] {image=icons/651.png} \"How long have you been in training?\" | {image=icons/651.png} “你训练多久了？”
batch_6.tsv	strings_0001.tsv	133	旁白	标点	{image=icons/651.png} [[I believe there's something important in Eastcrown.]	{image=icons/651.png} [[我相信东冠有什么重要的东西。]	{image=icons/651.png} [[我相信东冠有什么重要的东西]	界面选项不应带句末句号。	[旁白] Just like how I'm the heir to the throne. I'm the only one.{w}\nI gues | 就像我是王位继承人一样。我是唯一的一个。{w}\n我猜他只是像当初的我一样，接受了自己的使命。{w}\n但东冠……？那里真的会有什么吗？	[旁白] {image=icons/651.png} [[I don't believe Eastcrown serves any important | {image=icons/651.png} [[我不相信东冠有什么重要用途]
batch_6.tsv	strings_0001.tsv	134	旁白	标点	{image=icons/651.png} [[I don't believe Eastcrown serves any important purpose.]	{image=icons/651.png} [[我不相信东冠有什么重要用途。]	{image=icons/651.png} [[我不相信东冠有什么重要用途]	界面选项不应带句末句号。	[旁白] {image=icons/651.png} [[I believe there's something important in Eastc | {image=icons/651.png} [[我相信东冠有什么重要的东西]	[旁白] Reset all HTH/Loyalty Stats and Romance flags?\nWARNING: This cannot b | 重置所有心灵交流/忠诚度数据和恋爱标记？\n警告：此操作无法撤销。
batch_6.tsv	strings_0001.tsv	140	旁白	标点	{image=icons/583.png} [[Hug and console him.]	{image=icons/583.png} [[拥抱并安慰他。]	{image=icons/583.png} [[拥抱并安慰他]	界面选项不应带句末句号。	[旁白] What should I do...? | 我该怎么做……？	[旁白] {image=icons/580.png} [[Let him find inner strength.] | {image=icons/580.png} [[让他自己寻找内心的力量]
batch_6.tsv	strings_0001.tsv	141	旁白	标点	{image=icons/580.png} [[Let him find inner strength.]	{image=icons/580.png} [[让他自己寻找内心的力量。]	{image=icons/580.png} [[让他自己寻找内心的力量]	界面选项不应带句末句号。	[旁白] {image=icons/583.png} [[Hug and console him.] | {image=icons/583.png} [[拥抱并安慰他]	[旁白] {image=icons/583.png} \"Of course. We'll handle everything {i}together | {image=icons/583.png} “当然。我们会{i}一起{/i}处理一切。”
batch_6.tsv	strings_0001.tsv	199	旁白	语气	{image=icons/651.png} \"Where did The Rebellion stay before the underground tunnels?\"	{image=icons/651.png} “在那些地下隧道之前，反抗军驻扎在哪里？”	{image=icons/651.png} “反抗军搬进地下隧道前驻扎在哪里？”	原译“在那些地下隧道之前”指代不清，改为自然的先后关系。	[旁白] {image=icons/651.png} \"Do you know for certain that they were only af | {image=icons/651.png} “你确定他们只是为了那尊灵像吗？”	[旁白] {image=icons/651.png} \"Who was in charge of Mazeo before The Occupati | {image=icons/651.png} “占领之前，谁掌管马泽奥？”
batch_6.tsv	strings_0001.tsv	250	旁白	语气	{image=icons/651.png} \"Do you have a detailed strategy for our final battle?\"	{image=icons/651.png} “我们决战的详细策略你有吗？”	{image=icons/651.png} “你有我们决战的详细策略吗？”	原译语序生硬；原文是在询问是否有详细作战方案。	[旁白] {image=icons/651.png} \"What's the first step when we arrive at HQ?\" | {image=icons/651.png} “我们到达总部后的第一步是什么？”	[旁白] {image=icons/651.png} \"What will Alestia be like after the war is ove | {image=icons/651.png} “战争结束后，阿莱斯提亚会是什么样？”
batch_6.tsv	strings_0001.tsv	268	旁白	标点	{image=icons/583.png} [[Get them as a romantic gesture.]	{image=icons/583.png} [[以浪漫的心意把它们送出去。]	{image=icons/583.png} [[以浪漫的心意把它们送出去]	界面选项不应带句末句号。	[旁白] But is that a good idea...? | 但这是个好主意吗……？	[旁白] {image=icons/580.png} [[Don't get them.] | {image=icons/580.png} [[不要买]
batch_6.tsv	strings_0001.tsv	269	旁白	标点	{image=icons/580.png} [[Don't get them.]	{image=icons/580.png} [[不要买。]	{image=icons/580.png} [[不要买]	界面选项不应带句末句号。	[旁白] {image=icons/583.png} [[Get them as a romantic gesture.] | {image=icons/583.png} [[以浪漫的心意把它们送出去]	[旁白] Access Pro Heart-to-Heart 1? | 进入普洛的心灵交流 1？
batch_6.tsv	strings_0001.tsv	290	旁白	标点	{image=icons/651.png} [[Point to the paper containing Alex's demands.]	{image=icons/651.png} [[指向写着亚历克斯要求的纸。]	{image=icons/651.png} [[指向写着亚历克斯要求的纸]	界面选项不应带句末句号。	[旁白] {image=icons/579.png} \"Actually, I don't think I can do that...\" | {image=icons/579.png} “其实，我觉得我做不到……”	[旁白] {image=icons/651.png} [[Point to the paper containing Nada's demands.] | {image=icons/651.png} [[指向写着娜达要求的纸]
batch_6.tsv	strings_0001.tsv	291	旁白	标点	{image=icons/651.png} [[Point to the paper containing Nada's demands.]	{image=icons/651.png} [[指向写着娜达要求的纸。]	{image=icons/651.png} [[指向写着娜达要求的纸]	界面选项不应带句末句号。	[旁白] {image=icons/651.png} [[Point to the paper containing Alex's demands.] | {image=icons/651.png} [[指向写着亚历克斯要求的纸]	[旁白] Would you like to initiate Act Three? | 你想开始第三幕吗？
batch_6.tsv	strings_0001.tsv	371	旁白	标点	{image=icons/651.png} [[Let Gryz sacrifice himself.]	{image=icons/651.png} [[让格瑞兹牺牲自己。]	{image=icons/651.png} [[让格瑞兹牺牲自己]	界面选项不应带句末句号。	[旁白] {image=icons/651.png} \"Learning from past failures is how we become s | {image=icons/651.png} “从过去的失败中学习，我们才能变得更强、更聪明。”	[旁白] {image=icons/651.png} [[Tap into the idol's power yourself.] | {image=icons/651.png} [[亲自汲取灵像的力量]
batch_6.tsv	strings_0001.tsv	372	旁白	标点	{image=icons/651.png} [[Tap into the idol's power yourself.]	{image=icons/651.png} [[亲自汲取灵像的力量。]	{image=icons/651.png} [[亲自汲取灵像的力量]	界面选项不应带句末句号。	[旁白] {image=icons/651.png} [[Let Gryz sacrifice himself.] | {image=icons/651.png} [[让格瑞兹牺牲自己]	[旁白] {image=icons/651.png} [[Ask Valessa.] | {image=icons/651.png} [[询问瓦莱莎]
batch_6.tsv	strings_0001.tsv	373	旁白	标点	{image=icons/651.png} [[Ask Valessa.]	{image=icons/651.png} [[询问瓦莱莎。]	{image=icons/651.png} [[询问瓦莱莎]	界面选项不应带句末句号。	[旁白] {image=icons/651.png} [[Tap into the idol's power yourself.] | {image=icons/651.png} [[亲自汲取灵像的力量]	[旁白] {image=icons/651.png} [[Ask Fortaime.] | {image=icons/651.png} [[询问福泰姆]
batch_6.tsv	strings_0001.tsv	374	旁白	标点	{image=icons/651.png} [[Ask Fortaime.]	{image=icons/651.png} [[询问福泰姆。]	{image=icons/651.png} [[询问福泰姆]	界面选项不应带句末句号。	[旁白] {image=icons/651.png} [[Ask Valessa.] | {image=icons/651.png} [[询问瓦莱莎]	[旁白] {image=icons/651.png} [[Make your final choice.] | {image=icons/651.png} [[做出最终抉择]
batch_6.tsv	strings_0001.tsv	375	旁白	标点	{image=icons/651.png} [[Make your final choice.]	{image=icons/651.png} [[做出最终抉择。]	{image=icons/651.png} [[做出最终抉择]	界面选项不应带句末句号。	[旁白] {image=icons/651.png} [[Ask Fortaime.] | {image=icons/651.png} [[询问福泰姆]	[旁白] {image=icons/651.png} [[Create an army of Seers.] | {image=icons/651.png} [[创建一支先知大军]
batch_6.tsv	strings_0001.tsv	376	旁白	标点	{image=icons/651.png} [[Create an army of Seers.]	{image=icons/651.png} [[创建一支先知大军。]	{image=icons/651.png} [[创建一支先知大军]	界面选项不应带句末句号。	[旁白] {image=icons/651.png} [[Make your final choice.] | {image=icons/651.png} [[做出最终抉择]	[旁白] {image=icons/651.png} [[Create an army of Monarch Vessels.] | {image=icons/651.png} [[创建一支君王容器大军]
batch_6.tsv	strings_0001.tsv	377	旁白	标点	{image=icons/651.png} [[Create an army of Monarch Vessels.]	{image=icons/651.png} [[创建一支君王容器大军。]	{image=icons/651.png} [[创建一支君王容器大军]	界面选项不应带句末句号。	[旁白] {image=icons/651.png} [[Create an army of Seers.] | {image=icons/651.png} [[创建一支先知大军]	[旁白] {image=icons/655.png} \"What about Vivien and her army?\" | {image=icons/655.png} “那薇薇安和她的军队呢？”
batch_6.tsv	strings_0001.tsv	399	旁白	标点	{image=icons/651.png} [[Remove the curse from Ulric.]	{image=icons/651.png} [[解除乌尔里克身上的诅咒。]	{image=icons/651.png} [[解除乌尔里克身上的诅咒]	界面选项不应带句末句号。	[旁白] What do I do...? | 我该怎么做……？	[旁白] {image=icons/651.png} [[Keep him strong. He needs that power.] | {image=icons/651.png} [[让他保持强大。他需要那份力量]
batch_6.tsv	strings_0001.tsv	400	旁白	标点	{image=icons/651.png} [[Keep him strong. He needs that power.]	{image=icons/651.png} [[让他保持强大。他需要那份力量。]	{image=icons/651.png} [[让他保持强大。他需要那份力量]	界面选项不应带句末句号。	[旁白] {image=icons/651.png} [[Remove the curse from Ulric.] | {image=icons/651.png} [[解除乌尔里克身上的诅咒]	
batch_6.tsv	strings_0002.tsv	401	旁白	误译	{image=icons/651.png} \"Keep it. Honor her memory, and her life.\"	{image=icons/651.png} “留下它。纪念她的记忆，她的一生。”	{image=icons/651.png} “留下它。缅怀她，也纪念她的一生。”	“纪念记忆”搭配不当，honor her memory 意为缅怀她。		[旁白] {image=icons/651.png} \"Leave it. Move on from these painful memories. | {image=icons/651.png} “放下它。从这些痛苦的回忆中走出来。”
batch_6.tsv	strings_0002.tsv	426	旁白	误译	{image=icons/651.png} \"This journey could have easily compromised us, and forced us to do unspeakable things...\"	{image=icons/651.png} “这段旅程本可能轻易地让我们妥协，迫使我们做出无法言说的事……”	{image=icons/651.png} “这段旅程本可能轻易危及我们，迫使我们做出无法言说的事……”	compromise us 在这里是危及、拖累，不是“让我们妥协”。	[旁白] {image=icons/651.png} ...and it is time for our enemy to realize that  | {image=icons/651.png} ...该是让我们的敌人意识到，为了看到他们倒下，我们将{i}不惜一切{/i}。	[旁白] {image=icons/651.png} \"...but we can rest easy knowing that we've clu | {image=icons/651.png} “……但我们可以安心，因为我们坚守了自己的价值观和传统。我们比他们{i}更优秀{/i}。”
batch_6.tsv	strings_0002.tsv	443	旁白	语气	{image=icons/651.png} \"Using this blade, I will create a world just like Salus had always envisioned.\"	{image=icons/651.png} “用这把剑，我将创造一个萨卢斯一直所构想的世界。”	{image=icons/651.png} “用这把剑，我将创造萨卢斯一直憧憬的世界。”	“一直所构想的”生硬，改为自然的定语表达。	[旁白] {image=icons/651.png} \"But most importantly — we have this.\" | {image=icons/651.png} “但最重要的是——我们拥有这个。”	[旁白] {image=icons/651.png} Using this blade, I will secure a future that wo | {image=icons/651.png} 用这把剑，我将确保一个足以让王权骄傲的未来。
batch_6.tsv	strings_0002.tsv	476	旁白	标点	{image=icons/651.png} [[Spare your life — cast away the idol temporarily.]	{image=icons/651.png} [[饶你一命——暂时丢弃灵像。]	{image=icons/651.png} [[饶你一命——暂时丢弃灵像]	界面选项不应带句末句号。	[旁白] What fate would await me, and all those innocent worlds...? | 等待我的，以及所有那些无辜世界的，会是怎样的命运……？	[旁白] {image=icons/651.png} [[Sacrifice yourself — destroy the idol for good | {image=icons/651.png} [[牺牲自己——彻底摧毁灵像]
batch_6.tsv	strings_0002.tsv	477	旁白	标点	{image=icons/651.png} [[Sacrifice yourself — destroy the idol for good.]	{image=icons/651.png} [[牺牲自己——彻底摧毁灵像。]	{image=icons/651.png} [[牺牲自己——彻底摧毁灵像]	界面选项不应带句末句号。	[旁白] {image=icons/651.png} [[Spare your life — cast away the idol temporari | {image=icons/651.png} [[饶你一命——暂时丢弃灵像]	[旁白] {image=icons/651.png} \"I'd work hard, and earn it the right way.\" | {image=icons/651.png} “我会努力工作，用正当的方式赢得它。”
batch_6.tsv	strings_0002.tsv	483	旁白	标点	{image=icons/651.png} [[Remove the spirits to empower the blade.]	{image=icons/651.png} [[取出灵以强化剑。]	{image=icons/651.png} [[取出灵以强化剑]	界面选项不应带句末句号。	[旁白] {image=icons/651.png} \"I want to keep it. It'll help ensure my reign. | {image=icons/651.png} “我想留下它。它会帮助确保我的统治。”	[旁白] {image=icons/651.png} [[Leave Howl as he is. He's too valuable.] | {image=icons/651.png} [[让豪尔保持原样。他太有价值了]
batch_6.tsv	strings_0002.tsv	484	旁白	标点	{image=icons/651.png} [[Leave Howl as he is. He's too valuable.]	{image=icons/651.png} [[让豪尔保持原样。他太有价值了。]	{image=icons/651.png} [[让豪尔保持原样。他太有价值了]	界面选项不应带句末句号。	[旁白] {image=icons/651.png} [[Remove the spirits to empower the blade.] | {image=icons/651.png} [[取出灵以强化剑]	[旁白] View Parallel Chronicle \"Sovy 9\"? | 查看平行编年史“索维 9”？
batch_6.tsv	strings_0002.tsv	486	旁白	术语	Access Ulric Heart-to-Heart 4?	开启乌尔里克交心 4？	进入乌尔里克的心灵交流 4？	Heart-to-Heart 在本批前段统一为“心灵交流”，此处“交心”不一致。	[旁白] View Parallel Chronicle \"Sovy 9\"? | 查看平行编年史“索维 9”？	[旁白] {image=icons/660.png} \"I believe you. This war has proven almost anyt | {image=icons/660.png} “我相信你。这场战争证明了几乎一切皆有可能。”
batch_6.tsv	strings_0002.tsv	495	旁白	标点	{image=icons/651.png} [[Consult your advisor.]	{image=icons/651.png} [[咨询你的顾问。]	{image=icons/651.png} [[咨询你的顾问]	界面选项不应带句末句号。	[旁白] {image=icons/651.png} \"I want Alarinthia to change its ways.\" | {image=icons/651.png} “我希望阿拉林西亚改变它的做法。”	[旁白] {image=icons/651.png} \"What are your thoughts on this whole thing?\" | {image=icons/651.png} “你对这整件事有什么看法？”
batch_6.tsv	strings_0002.tsv	505	旁白	术语	Access Damek Heart-to-Heart 4?	开启达梅克交心 4？	进入达梅克的心灵交流 4？	Heart-to-Heart 在本批前段统一为“心灵交流”，此处“交心”不一致。	[旁白] View Parallel Chronicle \"Halin 2\"? | 查看平行编年史“哈林 2”？	[旁白] Access Valessa Heart-to-Heart 4? | 进入瓦莱莎的心灵交流 4？
batch_6.tsv	strings_0002.tsv	506	旁白	术语	Access Valessa Heart-to-Heart 4?	开启瓦莱莎交心 4？	进入瓦莱莎的心灵交流 4？	Heart-to-Heart 在本批前段统一为“心灵交流”，此处“交心”不一致。	[旁白] Access Damek Heart-to-Heart 4? | 进入达梅克的心灵交流 4？	[旁白] {image=icons/660.png} \"Of course I'll help you once we get back to Ma | {image=icons/660.png} “等我们回到马泽奥，我当然会帮你。”
batch_6.tsv	strings_0002.tsv	521	旁白	术语	Access Howl Heart-to-Heart 3?	开启豪尔交心 3？	进入豪尔的心灵交流 3？	Heart-to-Heart 在本批前段统一为“心灵交流”，此处“交心”不一致。	[旁白] View Parallel Chronicle \"Sovy 10\"? | 查看平行编年史“索维 10”？	[旁白] Access Pro Heart-to-Heart 4? | 进入普洛的心灵交流 4？
batch_6.tsv	strings_0002.tsv	522	旁白	术语	Access Pro Heart-to-Heart 4?	开启普洛交心 4？	进入普洛的心灵交流 4？	Heart-to-Heart 在本批前段统一为“心灵交流”，此处“交心”不一致。	[旁白] Access Howl Heart-to-Heart 3? | 进入豪尔的心灵交流 3？	[旁白] {image=icons/579.png} \"Yeah, Pro. I'm afraid this is it.\" | {image=icons/579.png} “是啊，普洛。恐怕就是这样了。”
batch_6.tsv	strings_0002.tsv	525	旁白	标点	{image=icons/651.png} [[Attack him directly before they can retaliate.]	{image=icons/651.png} [[在他们反击之前直接攻击他。]	{image=icons/651.png} [[在他们反击之前直接攻击他]	界面选项不应带句末句号。	[旁白] {image=icons/660.png} \"Of course not. I forgive you, Pro.\" | {image=icons/660.png} “当然不会。我原谅你，普洛。”	[旁白] {image=icons/651.png} [[Wait for the blindness to subside, and fight b | {image=icons/651.png} [[等失明消退后，大家一起反击]
batch_6.tsv	strings_0002.tsv	526	旁白	语气	{image=icons/651.png} [[Wait for the blindness to subside, and fight back as a team.]	{image=icons/651.png} [[等待失明消退，然后团队反击。]	{image=icons/651.png} [[等失明消退后，大家一起反击]	“团队反击”偏现代职场语，改为自然的“大家一起反击”。	[旁白] {image=icons/651.png} [[Attack him directly before they can retaliate. | {image=icons/651.png} [[在他们反击之前直接攻击他]	[旁白] {image=icons/660.png} \"Yes. Everybody deserves a chance at redemption | {image=icons/660.png} “是的。每个人都该有获得救赎的机会。”
batch_6.tsv	strings_0002.tsv	527	旁白	语气	{image=icons/660.png} \"Yes. Everybody deserves a chance at redemption.\"	{image=icons/660.png} “是的。每个人都值得有获得救赎的机会。”	{image=icons/660.png} “是的。每个人都该有获得救赎的机会。”	原译“值得有获得”重复拗口，改为自然表达。	[旁白] {image=icons/651.png} [[Wait for the blindness to subside, and fight b | {image=icons/651.png} [[等失明消退后，大家一起反击]	[旁白] {image=icons/579.png} \"I don't think I could ever forgive the murder  | {image=icons/579.png} “我想我永远无法原谅杀害同伴的行为。”
batch_6.tsv	strings_0002.tsv	530	旁白	标点	{image=icons/651.png} [[Allow Sovy to assist The Rebellion.]	{image=icons/651.png} [[允许索维协助反抗军。]	{image=icons/651.png} [[允许索维协助反抗军]	界面选项不应带句末句号。	[旁白] {image=icons/580.png} \"I'm so shocked, I don't know what to think rig | {image=icons/580.png} “我太震惊了，现在不知道该怎么想。”	[旁白] {image=icons/651.png} [[Deny Sovy's offer, and make him leave.] | {image=icons/651.png} [[拒绝索维的提议，让他离开]
batch_6.tsv	strings_0002.tsv	531	旁白	标点	{image=icons/651.png} [[Deny Sovy's offer, and make him leave.]	{image=icons/651.png} [[拒绝索维的提议，让他离开。]	{image=icons/651.png} [[拒绝索维的提议，让他离开]	界面选项不应带句末句号。	[旁白] {image=icons/651.png} [[Allow Sovy to assist The Rebellion.] | {image=icons/651.png} [[允许索维协助反抗军]	[旁白] {image=icons/651.png} \"What do you think of Mazeo so far?\" | {image=icons/651.png} “你觉得马泽奥到目前为止怎么样？”
batch_6.tsv	strings_0002.tsv	540	旁白	语气	{image=icons/660.png} \"That's an understatement. This is amazing news!\"	{image=icons/660.png} “那还说得太轻了。这真是个惊人的好消息！”	{image=icons/660.png} “那还太保守了。这真是个惊人的好消息！”	understatement 指说法过于保守，不是“说得太轻”。	[旁白] {image=icons/651.png} \"Wait, does that mean that Valinorth will be fi | {image=icons/651.png} “等等，那是不是意味着瓦利诺斯没有灵像也没问题？”	[旁白] {image=icons/583.png} \"Oh, Howl. I could hug you so hard right now.\" | {image=icons/583.png} “哦，豪尔。我现在真想紧紧抱抱你。”
batch_6.tsv	strings_0002.tsv	584	旁白	标点	{image=icons/583.png} [[Say nothing. Offer your hand, and comfort, to Damek.]	{image=icons/583.png} [[什么也别说。向达梅克伸出手，给予安慰。]	{image=icons/583.png} [[什么也别说。向达梅克伸出手，给予安慰]	界面选项不应带句末句号。	[旁白] {image=icons/660.png} \"Not everybody will hurt you, Damek. Opening up | {image=icons/660.png} “不是每个人都会伤害你，达梅克。敞开心扉是件好事。”	[旁白] {image=icons/579.png} \"I'm so sorry that happened to you. It's all so | {image=icons/579.png} “很抱歉你遭遇了这些。这一切都太糟糕了。”
batch_6.tsv	strings_0002.tsv	590	旁白	语气	{image=icons/583.png} \"Fighting side by side with you? That's a dream come true.\"	{image=icons/583.png} “与你并肩作战？那是梦想成真。”	{image=icons/583.png} “和你并肩作战？那真是梦想成真。”	“那是梦想成真”语法生硬，补足自然的主系表达。	[旁白] {image=icons/660.png} \"Of course. Can't wait to secure that alliance! | {image=icons/660.png} “当然。迫不及待想结成那个联盟！”	[旁白] {image=icons/656.png} \"Yeah. Marching into certain death? Born ready. | {image=icons/656.png} “是啊。走向必死之路？天生就准备好了。”
batch_6.tsv	strings_0002.tsv	600	旁白	标点	{image=icons/583.png} [[Say nothing, and hold her hand.]	{image=icons/583.png} [[什么也别说，握住她的手。]	{image=icons/583.png} [[什么也别说，握住她的手]	界面选项不应带句末句号。	[旁白] {image=icons/660.png} \"All we can do is be better people than they we | {image=icons/660.png} “我们所能做的，就是做比他们更好的人。”	[旁白] {image=icons/656.png} \"Brag about it, of course. That's pretty awesom | {image=icons/656.png} “当然是拿它炫耀。那太棒了。”
batch_6.tsv	strings_0002.tsv	628	旁白	语气	{image=icons/651.png} \"Maybe it's a lost cause, Fortaime...\"	{image=icons/651.png} “也许这是无可救药了，福泰姆……”	{image=icons/651.png} “也许这事真的没救了，福泰姆……”	“这是无可救药了”搭配生硬，改写为自然的口语句。	[旁白] {image=icons/651.png} \"Alright, we'll find a way.\" | {image=icons/651.png} “好吧，我们会找到办法的。”	[旁白] {image=icons/651.png} \"I agree. Unity is our best choice.\" | {image=icons/651.png} “我同意。团结是我们最好的选择。”
batch_6.tsv	strings_0002.tsv	657	旁白	术语	{image=icons/651.png} \"I would've liked to meet the old leader. I won't let him down.\"	{image=icons/651.png} “我本想见见老领袖。我不会让他失望的。”	{image=icons/651.png} “我本想见见前任领袖。我不会让他失望的。”	old leader 指前任领袖，统一为“前任”，避免误解为年老。	[旁白] {image=icons/651.png} \"That sounds impressive. Were you on that missi | {image=icons/651.png} “听起来很厉害。你参与了那次任务吗？”	[旁白] {image=icons/651.png} \"Do you think Damek will do a good job as his r | {image=icons/651.png} “你觉得达梅克接替他后会干得好吗？”
batch_6.tsv	strings_0002.tsv	672	旁白	误译	{image=icons/651.png} \"So The Rebellion is largely made up of occupation victims?\"	{image=icons/651.png} “所以反抗军主要由被占领的受害者组成？”	{image=icons/651.png} “所以反抗军大多由占领时期的受害者组成？”	occupation victims 是占领造成的受害者，不是“被占领的受害者”。	[旁白] {image=icons/651.png} \"Tell me more about Damek.\" | {image=icons/651.png} “多跟我说说达梅克。”	[旁白] {image=icons/651.png} \"Is The Rebellion large? Do we have the numbers | {image=icons/651.png} “反抗军规模大吗？我们人数够取胜吗？”
batch_6.tsv	strings_0002.tsv	673	旁白	语气	{image=icons/651.png} \"Is The Rebellion large? Do we have the numbers to win?\"	{image=icons/651.png} “反抗军规模大吗？我们有人数取胜吗？”	{image=icons/651.png} “反抗军规模大吗？我们人数够取胜吗？”	原译“有人数取胜”语法不顺，补足“够”使语义完整。	[旁白] {image=icons/651.png} \"So The Rebellion is largely made up of occupat | {image=icons/651.png} “所以反抗军大多由占领时期的受害者组成？”	[旁白] {image=icons/651.png} \"Tell me about the previous leader.\" | {image=icons/651.png} “跟我说说前任领袖。”
batch_6.tsv	strings_0002.tsv	693	旁白	误译	{image=icons/651.png} \"Is piracy still bad, even after the occupation?\"	{image=icons/651.png} “即使在占领之后，海盗行为仍然是坏事吗？”	{image=icons/651.png} “即使在占领之后，海盗问题仍然严重吗？”	这里的 bad 指问题严重，不是道德意义上的“坏事”。	[旁白] {image=icons/651.png} \"Tell me about the spirit idols.\" | {image=icons/651.png} “跟我说说灵像。”	[旁白] {image=icons/651.png} \"Do you ever sail back home to visit?\" | {image=icons/651.png} “你曾经航行回家乡探访吗？”
batch_6.tsv	strings_0002.tsv	695	旁白	语气	{image=icons/651.png} \"Valinorth's went dark the night I was born.\"	{image=icons/651.png} “瓦利诺斯的在我出生的那晚熄灭了。”	{image=icons/651.png} “瓦利诺斯的灵像在我出生的那晚熄灭了。”	原译“瓦利诺斯的”缺少中心词，结合上文补为“灵像”。	[旁白] {image=icons/651.png} \"Do you ever sail back home to visit?\" | {image=icons/651.png} “你曾经航行回家乡探访吗？”	[旁白] {image=icons/651.png} \"Alarinthia's was destroyed...? How?\" | {image=icons/651.png} “阿拉林西亚的灵像被摧毁了……？怎么会的？”
batch_6.tsv	strings_0002.tsv	696	旁白	语气	{image=icons/651.png} \"Alarinthia's was destroyed...? How?\"	{image=icons/651.png} “阿拉林西亚的被摧毁了……？怎么会的？”	{image=icons/651.png} “阿拉林西亚的灵像被摧毁了……？怎么会的？”	原译“阿拉林西亚的”缺少中心词，应补为“灵像”。	[旁白] {image=icons/651.png} \"Valinorth's went dark the night I was born.\" | {image=icons/651.png} “瓦利诺斯的灵像在我出生的那晚熄灭了。”	[旁白] {image=icons/651.png} \"So nobody knew Mazeo had a bigger idol?\" | {image=icons/651.png} “所以没人知道马泽奥有一个更大的灵像？”
batch_6.tsv	strings_0002.tsv	704	旁白	语气	{image=icons/651.png} \"I guess that makes sense. Home is where you make it.\"	{image=icons/651.png} “我想这说得通。家就在你安身之处。”	{image=icons/651.png} “我想这说得通。哪里安家，哪里就是家。”	“家就在你安身之处”生硬，改用自然中文表达。	[旁白] {image=icons/651.png} \"Why do you hate Alarinthia so much?\" | {image=icons/651.png} “你为什么这么恨阿拉林西亚？”	[旁白] {image=icons/651.png} \"At least Alarinthia still exists. Valinorth is | {image=icons/651.png} “至少阿拉林西亚还存在。瓦利诺斯是没救了。”
batch_6.tsv	strings_0002.tsv	714	旁白	标点	{image=icons/651.png} [[Ask Ulric for advice.]	{image=icons/651.png} [[向乌尔里克征求意见。]	{image=icons/651.png} [[向乌尔里克征求意见]	界面选项不应带句末句号。	[旁白] {image=icons/651.png} [[Interrupt the argument] | {image=icons/651.png} [[打断争吵]	[旁白] {image=icons/651.png} [[Ask Valessa for advice.] | {image=icons/651.png} [[向瓦莱莎征求意见]
batch_6.tsv	strings_0002.tsv	715	旁白	标点	{image=icons/651.png} [[Ask Valessa for advice.]	{image=icons/651.png} [[向瓦莱莎征求意见。]	{image=icons/651.png} [[向瓦莱莎征求意见]	界面选项不应带句末句号。	[旁白] {image=icons/651.png} [[Ask Ulric for advice.] | {image=icons/651.png} [[向乌尔里克征求意见]	[旁白] {image=icons/651.png} [[Ask Fortaime for advice.] | {image=icons/651.png} [[向福泰姆征求意见]
batch_6.tsv	strings_0002.tsv	716	旁白	标点	{image=icons/651.png} [[Ask Fortaime for advice.]	{image=icons/651.png} [[向福泰姆征求意见。]	{image=icons/651.png} [[向福泰姆征求意见]	界面选项不应带句末句号。	[旁白] {image=icons/651.png} [[Ask Valessa for advice.] | {image=icons/651.png} [[向瓦莱莎征求意见]	[旁白] {image=icons/651.png} [[Make the final decision.] | {image=icons/651.png} [[做出最终决定]
batch_6.tsv	strings_0002.tsv	717	旁白	标点	{image=icons/651.png} [[Make the final decision.]	{image=icons/651.png} [[做出最终决定。]	{image=icons/651.png} [[做出最终决定]	界面选项不应带句末句号。	[旁白] {image=icons/651.png} [[Ask Fortaime for advice.] | {image=icons/651.png} [[向福泰姆征求意见]	[旁白] {image=icons/651.png} [[Convert Peregrino into a barracks.] | {image=icons/651.png} [[将佩雷格里诺改为兵营]
batch_6.tsv	strings_0002.tsv	718	旁白	标点	{image=icons/651.png} [[Convert Peregrino into a barracks.]	{image=icons/651.png} [[将佩雷格里诺改为兵营。]	{image=icons/651.png} [[将佩雷格里诺改为兵营]	界面选项不应带句末句号。	[旁白] {image=icons/651.png} [[Make the final decision.] | {image=icons/651.png} [[做出最终决定]	[旁白] {image=icons/651.png} [[Let Peregrino stay as it is.] | {image=icons/651.png} [[让佩雷格里诺保持原样]
batch_6.tsv	strings_0002.tsv	719	旁白	标点	{image=icons/651.png} [[Let Peregrino stay as it is.]	{image=icons/651.png} [[让佩雷格里诺保持原样。]	{image=icons/651.png} [[让佩雷格里诺保持原样]	界面选项不应带句末句号。	[旁白] {image=icons/651.png} [[Convert Peregrino into a barracks.] | {image=icons/651.png} [[将佩雷格里诺改为兵营]	[旁白] View Parallel Chronicle \"Sovy 4\"? | 查看平行编年史“索维 4”？
batch_6.tsv	strings_0002.tsv	767	旁白	标点	{image=icons/580.png} [[Remain silent.]	{image=icons/580.png} [[保持沉默。]	{image=icons/580.png} [[保持沉默]	界面选项不应带句末句号。	[旁白] {image=icons/660.png} \"Good to see you two. I was getting lonely.\" | {image=icons/660.png} “很高兴见到你们俩。我正觉得孤单。”	[旁白] {image=icons/651.png} \"Do I really have to choose right now?\" | {image=icons/651.png} “我现在真的必须选吗？”
batch_6.tsv	strings_0002.tsv	781	旁白	标点	{image=icons/651.png} [[Remain silent.]	{image=icons/651.png} [[保持沉默。]	{image=icons/651.png} [[保持沉默]	界面选项不应带句末句号。	[旁白] {image=icons/651.png} \"Come in.\" | {image=icons/651.png} “请进。”	[旁白] Access Fortaime Heart-to-Heart 1? | 进入福泰姆的心灵交流 1？
batch_6.tsv	strings_0002.tsv	782	旁白	术语	Access Fortaime Heart-to-Heart 1?	开启福泰姆交心 1？	进入福泰姆的心灵交流 1？	Heart-to-Heart 在本批前段统一为“心灵交流”，此处“交心”不一致。	[旁白] {image=icons/651.png} [[Remain silent.] | {image=icons/651.png} [[保持沉默]	[旁白] Access Valessa Heart-to-Heart 1? | 进入瓦莱莎的心灵交流 1？
batch_6.tsv	strings_0002.tsv	783	旁白	术语	Access Valessa Heart-to-Heart 1?	开启瓦莱莎交心 1？	进入瓦莱莎的心灵交流 1？	Heart-to-Heart 在本批前段统一为“心灵交流”，此处“交心”不一致。	[旁白] Access Fortaime Heart-to-Heart 1? | 进入福泰姆的心灵交流 1？	[旁白] {image=icons/651.png} \"Yeah. Let's do this...\" | {image=icons/651.png} “好。我们开始吧……”
batch_6.tsv	strings_0002.tsv	788	旁白	误译	{image=icons/651.png} \"I had a concerning vision last night.\"	{image=icons/651.png} “我昨晚做了一个令人不安的幻象。”	{image=icons/651.png} “我昨晚看到了一个令人不安的幻象。”	“幻象”应与“看到”搭配，不能说“做幻象”。	[旁白] View Parallel Chronicle \"The Triumvirate 1\"? | 查看平行编年史“三人执政团 1”？	[旁白] {image=icons/651.png} \"Fortaime, it's worse than you think.\" | {image=icons/651.png} “福泰姆，事情比你想象的更糟。”
batch_6.tsv	strings_0003.tsv	820	旁白	标点	View Parallel Chronicle \"Pro 1\"?	查看平行编年史 “普洛 1”？	查看平行编年史“普洛 1”？	“平行编年史”后不应多出空格，需与其余条目统一。	[旁白] {image=icons/651.png} \"Isn't that a bit excessive?\" | {image=icons/651.png} “这是不是有点过分了？”	[旁白] {image=icons/653.png} \"At least ask before hugging me.\" | {image=icons/653.png} “至少抱我之前先问一声。”
batch_6.tsv	strings_0003.tsv	831	旁白	标点	View Parallel Chronicle \"Damek 1\"?	查看平行编年史 “达梅克 1”？	查看平行编年史“达梅克 1”？	“平行编年史”后不应多出空格，需与其余条目统一。	[旁白] {image=icons/651.png} \"No. We need to get to Mylus, and fast.\" | {image=icons/651.png} “不。我们得赶到迈勒斯那里，而且要快。”	[旁白] View Parallel Chronicle \"Sovy 1\"? | 查看平行编年史“索维 1”？
batch_6.tsv	strings_0003.tsv	832	旁白	标点	View Parallel Chronicle \"Sovy 1\"?	查看平行编年史 “索维 1”？	查看平行编年史“索维 1”？	“平行编年史”后不应多出空格，需与其余条目统一。	[旁白] View Parallel Chronicle \"Damek 1\"? | 查看平行编年史“达梅克 1”？	[旁白] Access Sovy Heart-to-Heart 1? | 进入索维的心灵交流 1？
batch_6.tsv	strings_0003.tsv	833	旁白	术语	Access Sovy Heart-to-Heart 1?	进入索维的谈心 1？	进入索维的心灵交流 1？	Heart-to-Heart 在本批前段统一为“心灵交流”，此处“谈心”不一致。	[旁白] View Parallel Chronicle \"Sovy 1\"? | 查看平行编年史“索维 1”？	[旁白] There's buckets lined up right beside the faucets.{w}\nIn my haste, I  | 水龙头旁边就摆着一排桶。{w}\n我走得匆忙，连水都没喝，早饭也没吃。{w}\n我是该等到有空再喝，还是……？
batch_6.tsv	strings_0003.tsv	835	旁白	标点	{image=icons/651.png} [[Put your mouth under the tap and drink.]	{image=icons/651.png} [[把嘴凑到水龙头下喝水。]	{image=icons/651.png} [[把嘴凑到水龙头下喝水]	界面选项不应带句末句号。	[旁白] There's buckets lined up right beside the faucets.{w}\nIn my haste, I  | 水龙头旁边就摆着一排桶。{w}\n我走得匆忙，连水都没喝，早饭也没吃。{w}\n我是该等到有空再喝，还是……？	[旁白] {image=icons/651.png} [[Go thirsty for an indeterminate amount of time | {image=icons/651.png} [[继续渴着，不知道要等多久]
batch_6.tsv	strings_0003.tsv	836	旁白	标点	{image=icons/651.png} [[Go thirsty for an indeterminate amount of time.]	{image=icons/651.png} [[继续渴着，不知道要等多久。]	{image=icons/651.png} [[继续渴着，不知道要等多久]	界面选项不应带句末句号。	[旁白] {image=icons/651.png} [[Put your mouth under the tap and drink.] | {image=icons/651.png} [[把嘴凑到水龙头下喝水]	[旁白] {image=icons/579.png} \"You were a murderer. Plain and simple.\" | {image=icons/579.png} “你是个杀人犯。就这么简单。”
batch_6.tsv	strings_0003.tsv	844	旁白	语气	{image=icons/583.png} \"You can have as much of my time as you want, Sovy.\"	{image=icons/583.png} “索维，你想要我多少时间都行。”	{image=icons/583.png} “索维，你想让我陪你多久都行。”	“你想要我多少时间”搭配不自然，改为符合亲密语气的表达。	[旁白] {image=icons/660.png} \"That sounds great. I'd love to write each othe | {image=icons/660.png} “听起来不错。我很愿意互相通信。”	[旁白] {image=icons/579.png} \"I'm not so sure that's a good idea. Sorry.\" | {image=icons/579.png} “我不太确定那是个好主意。抱歉。”
batch_6.tsv	strings_0003.tsv	866	旁白	标点	{image=icons/651.png} [[Prepare the blade for left handed access.]	{image=icons/651.png} [[把剑调整为左手取用。]	{image=icons/651.png} [[把剑调整为左手取用]	界面选项不应带句末句号。	[旁白] {image=icons/651.png} \"I'll be fine. Don't worry.\" | {image=icons/651.png} “我会没事的。别担心。”	[旁白] {image=icons/651.png} [[Prepare the blade for right handed access.] | {image=icons/651.png} [[把剑调整为右手取用]
batch_6.tsv	strings_0003.tsv	867	旁白	标点	{image=icons/651.png} [[Prepare the blade for right handed access.]	{image=icons/651.png} [[把剑调整为右手取用。]	{image=icons/651.png} [[把剑调整为右手取用]	界面选项不应带句末句号。	[旁白] {image=icons/651.png} [[Prepare the blade for left handed access.] | {image=icons/651.png} [[把剑调整为左手取用]	[旁白] {image=icons/660.png} \"Yeah, it was a piece of cake.\" | {image=icons/660.png} “是啊，小菜一碟。”
batch_6.tsv	strings_0003.tsv	870	旁白	标点	View Parallel Chronicle \"Shane 1\"?	查看平行编年史 “肖恩 1”？	查看平行编年史“肖恩 1”？	“平行编年史”后不应多出空格，需与其余条目统一。	[旁白] {image=icons/579.png} \"It still hurt me. I need to take it easy.\" | {image=icons/579.png} “那还是伤到我了。我需要悠着点。”	[旁白] View Parallel Chronicle \"Damek 2\"? | 查看平行编年史“达梅克 2”？
batch_6.tsv	strings_0003.tsv	871	旁白	标点	View Parallel Chronicle \"Damek 2\"?	查看平行编年史 “达梅克 2”？	查看平行编年史“达梅克 2”？	“平行编年史”后不应多出空格，需与其余条目统一。	[旁白] View Parallel Chronicle \"Shane 1\"? | 查看平行编年史“肖恩 1”？	[旁白] {image=icons/651.png} \"Actually, it's a {i}step{/i} ladder. | {image=icons/651.png} “其实，这是一把{i}梯子{/i}。
batch_6.tsv	strings_0003.tsv	876	旁白	术语	{image=icons/651.png} \"Don't other nations handle fine without spirits?\"	{image=icons/651.png} “其他国家没有精灵不也过得好好的吗？”	{image=icons/651.png} “其他国家没有灵不也过得好好的吗？”	全文将 spirits 统一译为“灵”，不应改用“精灵”。	[旁白] {image=icons/651.png} \"Anything we should do before we go?\" | {image=icons/651.png} “走之前有什么该做的吗？”	[旁白] {image=icons/651.png} \"No need to act cool with me. You can be open.\ | {image=icons/651.png} “不用在我面前装酷。你可以敞开心扉。”
batch_6.tsv	strings_0003.tsv	890	旁白	标点	View Parallel Chronicle \"Sovy 2\"?	查看平行编年史 “索维 2”？	查看平行编年史“索维 2”？	“平行编年史”后不应多出空格，需与其余条目统一。	[旁白] {image=icons/651.png} \"I can't make any promises, Fortaime.\" | {image=icons/651.png} “福泰姆，我不能做任何承诺。”	[旁白] {image=icons/651.png} \"What do you think about this blade?\" | {image=icons/651.png} “你觉得这把剑怎么样？”
